asof,data_mode,daily_asof,intraday_asof,intraday_timestamp,intraday_updated,ticker,name,type,primary_exchange,country,sector,industry,theme,theme_tags,day_open,day_high,day_low,close,previous_close,prior_close_2d,prior_close_3d,day_change_pct,prior_day_move_pct,prior_2d_move_pct,prior_up_streak,up_day_streak,prior_3d_5d_high_count,prior_3d_1m_high_count,current_5d_high_breakout,pre_breakout_tight_1d_avg_range,pre_breakout_tight_1d_range,pre_breakout_tight_1d_ratio,pre_breakout_tight_1d,prior_day_high,prior_day_low,prior_day_range,leader_trigger_level,prior_5d_high,trade_entry_trigger,leader_trigger_1d,leader_trigger_type,volume,prior_day_volume,current_day_range,range_expansion_ratio,high_proximity_pct,volume_vs_prior_day,volume_projected,volume_elapsed_fraction,volume_projection_basis,volume_projected_vs_prior_day,rvol_10d,rvol_10d_basis,adv20_dollar,avgvol10,dollar_volume10,adr_pct,atr14_pct,ema10,sma20,market_cap,market_cap_fmt,perf_1w_pct,perf_1m_pct,perf_3m_pct,perf_6m_pct,perf_1y_pct,rank_1w,rank_1m,rank_3m,rank_6m,rank_1y,rank_pct_1w,rank_pct_1m,rank_pct_3m,rank_pct_6m,rank_pct_1y,top1_1w,top1_1m,top1_3m,top1_6m,top1_window_count,history_days,history_is_short,history_note,excess_vs_spy_qqq_avg_pct,leadership_score,pivot,pivot_horizon,prior_1m_high,distance_to_pivot_pct,prior_52w_high,distance_to_52w_high_pct,prior_ath_high,distance_to_ath_high_pct,breakout_1m,breakout_52w,breakout_ath,breakout_type,breakout_52w_base_count,breakout_baseline,base_days,range_5d_atr,range_10d_atr,rmv15,rmv15_tight,rmv15_tight_count,rmv15_tight_count_prior14,rmv15_range,rmv15_prior_min,rmv15_prior_max,volume_dry_up_ratio,dcr,status,consolidation_score,breakout_base_count,breakout_chase_count,or30_high,or30_breakout,or30_breakout_time,or30_entry_trigger,or30_entry_time,or30_stop_low,or30_post_entry_low,trade_entry_time,trade_stop_low,trade_post_entry_low,prior_5_intraday_high,prior_5_intraday_breakout,catalyst,catalyst_date,metadata_asof
2026-06-25,intraday,2026-06-25,2026-06-25,2026-06-25T20:00:01+00:00,True,SNDK,Sandisk Corporation Common Stock,CS,XNAS,United States,Technology,COMPUTER STORAGE DEVICES,Semiconductors & AI compute,Semiconductors & AI compute | Software & data,2235.376953,2347.999,2092.08,2335.0,1914.459961,1963.599976,2273.72998,21.96651,-2.502547,-13.639702,0,1,1,1,False,140.9034,160.48999,1.139007,False,2021.5,1861.01001,160.48999,2021.51,2354.389893,2354.399893,False,,14790307.0,10421300.0,255.919,1.59461,5.079342,1.419238,14790307.0,1.0,intraday_actual_full_session,1.419238,1.526278,intraday_same_time_78x5m,20679985126.771484,11384870.7,23493401970.623047,7.046779,9.222445,2035.787251,1874.402008,197405128311.58,197.4B,19.205636,46.896921,202.425883,1015.570207,5195.985484,62,28,19,1,1,0.957163,0.981039,0.987152,1.0,1.0,False,True,True,True,3,342,False,,407.562981,99.734928,2354.389893,20D,2354.389893,0.830402,2354.389893,0.830402,2354.389893,0.830402,False,False,False,,2,False,3,2.291123,3.201341,93.632047,False,9,9,255.919,92.988037,267.0,1.095974,94.920658,Leader,98.595353,2,0,2292.0,True,13:40,2292.01,13:40,2092.080078,2268.150879,,,,2347.999023,False,nao verificado,,2026-05-18
2026-06-25,intraday,2026-06-25,2026-06-25,2026-06-25T20:00:01+00:00,True,BLZE,"Backblaze, Inc. Class A Common Stock",CS,XNAS,United States,Technology,SERVICES-PREPACKAGED SOFTWARE,Software & data,Software & data,12.035,14.625,11.92,13.42,11.97,11.66,8.12,12.113615,2.658666,43.596059,2,3,2,2,True,0.75675,2.099999,2.775024,False,12.62,10.52,2.099999,12.63,12.618,12.63,False,,12018847.0,13044500.0,2.705,1.288096,44.547135,0.921373,12018847.0,1.0,intraday_actual_full_session,0.921373,1.774503,intraday_same_time_78x5m,46888925.062403,7005494.7,80778145.632632,6.874068,7.704385,10.043213,8.7005,444709156.71,444.7M,62.273277,72.715573,267.671233,195.594714,161.089494,2,9,5,41,192,0.999298,0.994382,0.997145,0.970631,0.85319,True,True,True,True,3,501,False,,164.592484,99.556173,12.62,20D,12.62,-5.961253,12.62,-5.961253,12.62,-5.961253,True,True,True,ATH,0,False,1,6.543006,7.002418,100.0,False,11,11,2.705,0.41,2.225,2.919953,55.452865,Chase Breakout,108.675583,0,2,13.05,True,11:05,13.06,11:05,11.92,12.8801,09:35,11.92,12.2,13.8,True,nao verificado,,2026-05-18
2026-06-25,intraday,2026-06-25,2026-06-25,2026-06-25T20:00:01+00:00,True,CDNL,Cardinal Infrastructure Group Inc. Class A Common Stock,CS,,United States,Industrials,Military/Government/Technical,Defense & space,Defense & space,80.369797,93.294,79.7,91.97,81.940002,72.730003,79.099998,12.240661,12.663273,-8.053091,1,2,2,2,True,5.58995,10.0,1.788925,False,82.660004,72.660004,10.0,82.670004,82.660004,,False,,2751298.0,800200.0,13.594,1.3594,9.739591,3.438263,2751298.0,1.0,intraday_actual_full_session,3.438263,4.620617,intraday_same_time_78x5m,47543691.857191,808249.8,64964510.353787,6.701952,6.81146,76.688154,67.178751,3942465022.0,3.9B,22.806783,75.047583,177.185051,256.887854,,37,7,23,19,,0.974719,0.995787,0.984297,0.986784,,True,True,True,True,3,135,True,Historico curto,155.638807,99.53429,82.660004,20D,82.660004,-10.122862,,,,,True,False,False,1M,,False,1,3.678506,5.129539,100.0,False,6,6,13.594,3.489998,10.0,1.651662,90.260409,Chase Breakout,112.904867,0,1,85.580002,True,10:10,85.590002,10:10,79.699997,84.074997,,,,93.25,True,nao verificado,,nasdaq_2026-06-25
2026-06-25,intraday,2026-06-25,2026-06-25,2026-06-25T20:00:01+00:00,True,DFTX,Definium Therapeutics Inc. Common Shares,CS,,United States,Health Care,Medicinal Chemicals and Botanical Products,Biotech & health,Biotech & health,42.0,47.01,41.37,44.79,42.130001,36.18,36.669998,6.313788,16.445552,-1.336236,1,2,2,2,True,1.9,5.285,2.781579,False,44.535,39.25,5.285,44.545,44.535,44.545,False,,8274479.0,12466100.0,5.64,1.067171,39.361702,0.663758,8274479.0,1.0,intraday_actual_full_session,0.663758,1.617253,intraday_same_time_78x5m,136560493.285631,5742147.9,210344132.031658,5.564045,7.752034,33.216723,27.05,4885101211.0,4.9B,83.340156,95.76049,140.032154,,,1,3,38,,,1.0,0.998596,0.97359,,,True,True,True,False,2,501,False,,104.805465,92.922454,44.535,20D,44.535,-0.569324,44.535,-0.569324,44.535,-0.569324,True,True,True,ATH,0,False,1,6.684646,6.955372,100.0,False,4,4,5.64,0.810001,5.285,2.337817,60.638298,Chase Breakout,96.607458,0,1,46.7999,True,10:00,46.8099,10:00,41.370098,44.549999,09:35,41.370098,43.509998,45.290001,True,nao verificado,,nasdaq_2026-06-25
2026-06-25,intraday,2026-06-25,2026-06-25,2026-06-25T20:00:01+00:00,True,ABSI,Absci Corporation Common Stock,CS,XNAS,United States,Health Care,SERVICES-COMMERCIAL PHYSICAL & BIOLOGICAL RESEARCH,Power & electrification,Power & electrification | Biotech & health,11.04,11.25,9.32,10.21,10.075,7.41,8.4,1.339952,35.964913,-11.785712,1,2,2,2,True,0.8566,2.33,2.720056,False,11.0,8.67,2.33,11.01,11.0,11.01,False,,13179712.0,38227100.0,1.93,0.828326,53.88601,0.344774,13179712.0,1.0,intraday_actual_full_session,0.344774,1.464489,intraday_same_time_78x5m,62837404.664871,9939611.2,87348204.233282,9.347909,10.770883,8.180089,7.17025,770950501.92,771.0M,42.200557,93.371212,231.493506,187.605634,276.752768,4,5,10,47,100,0.997893,0.997191,0.993576,0.966226,0.923905,True,True,True,False,2,501,False,,156.755428,92.848539,11.0,20D,11.0,7.737512,11.0,7.737512,11.0,7.737512,True,True,True,ATH,0,False,1,3.764547,4.710254,80.237155,False,6,6,1.93,0.306,2.33,1.882074,46.11399,Chase Breakout,84.102855,0,1,11.2499,False,,11.2599,,,,09:30,10.65,9.32,10.5,False,nao verificado,,2026-05-18
2026-06-25,intraday,2026-06-25,2026-06-25,2026-06-25T20:00:25+00:00,True,MEI,Methode Electronics,CS,XNYS,United States,Technology,ELECTRONIC CONNECTORS,Power & electrification,Power & electrification | Auto & autonomy,15.305,18.43,15.01,18.0,13.09,13.4,13.94,37.509548,-2.313429,-3.873744,0,1,1,1,True,0.9135,1.139999,1.247947,False,13.74,12.6,1.139999,13.75,14.64,15.56,False,,3326400.0,865800.0,3.42,3.000002,12.573099,3.841996,3326400.0,1.0,intraday_actual_full_session,3.841996,3.732717,intraday_same_time_78x5m,10775366.158495,957330.0,14174430.036716,6.376985,7.535715,13.632026,12.4255,373790941.55,373.8M,55.574762,54.241645,238.983051,167.857143,98.019802,3,15,8,61,341,0.998596,0.990169,0.995004,0.955947,0.738663,True,True,True,False,2,501,False,,139.625924,92.617821,14.64,20D,14.64,-18.666665,15.55,-13.61111,17.450001,-3.055551,True,True,True,ATH,28,True,3,4.821485,5.691416,100.0,False,12,12,3.42,0.41,2.25,1.950323,87.426901,Breakout Baseline,123.57069,2,0,17.35,True,15:25,17.36,15:25,15.01,17.290001,09:35,15.01,15.13,18.469999,True,nao verificado,,2026-05-18
2026-06-25,intraday,2026-06-25,2026-06-25,2026-06-25T20:00:03+00:00,True,EVC,Entravision Communication,CS,XNYS,United States,Industrials,TELEVISION BROADCASTING STATIONS,Media & broadcasting,Media & broadcasting,11.34,11.64,11.0,11.39,11.21,10.84,9.87,1.605709,3.413283,9.827764,5,6,2,2,True,0.679,0.62,0.913107,False,11.32,10.7,0.62,11.33,11.32,11.33,False,,1704909.0,1779300.0,0.64,1.032258,39.0625,0.958191,1704909.0,1.0,intraday_actual_full_session,0.958191,1.034514,intraday_same_time_78x5m,19704861.295549,1902340.9,19225393.735621,6.095574,6.095574,10.236118,9.549,736313440.0,736.3M,21.170213,30.171429,274.671053,261.587302,417.727273,48,91,4,17,55,0.966994,0.936798,0.997859,0.988253,0.958493,False,False,True,True,2,501,False,,174.741905,92.594549,11.32,20D,11.32,-0.614577,11.32,-0.614577,11.32,-0.614577,True,True,True,ATH,0,False,1,3.341564,4.148147,20.560746,True,13,12,0.64,0.42,1.49,0.950101,60.9375,Chase Breakout,88.478594,0,2,11.65,False,,11.66,,,,09:30,11.3,11.0,11.41,True,nao verificado,,2026-05-18
2026-06-25,intraday,2026-06-25,2026-06-25,2026-06-25T20:00:01+00:00,True,MU,"Micron Technology, Inc.",CS,XNAS,United States,Technology,SEMICONDUCTORS & RELATED DEVICES,Semiconductors & AI compute,Semiconductors & AI compute | Auto & autonomy,1225.469971,1255.0,1136.31,1213.56,1048.51001,1051.77002,1211.380005,15.741384,-0.309955,-13.175881,0,1,1,1,True,68.441507,92.219971,1.347428,False,1083.319946,991.099976,92.219971,1083.329946,1213.550049,1213.570059,False,,79552392.0,68935700.0,118.69,1.287031,34.914483,1.154009,79552392.0,1.0,intraday_actual_full_session,1.154009,1.790798,intraday_same_time_78x5m,57540734693.104416,56336239.2,61261021548.01304,6.603947,9.067008,1081.930641,1024.969,768595865118.5399,768.6B,16.331637,35.460106,173.158215,421.938841,908.442746,89,63,25,8,10,0.938202,0.956461,0.982869,0.99486,0.993082,False,False,True,True,2,501,False,,196.117698,92.553644,1213.560059,20D,1213.560059,5e-06,1213.560059,5e-06,1213.560059,5e-06,True,True,True,ATH,2,False,3,2.398359,3.267184,82.062064,False,7,7,118.69,44.990112,134.800049,1.16258,65.085517,New Breakout,95.532179,2,0,1255.0,False,,1255.01,,,,09:30,1220.25,1136.310059,1215.76001,True,nao verificado,,2026-05-18
2026-06-25,intraday,2026-06-25,2026-06-25,2026-06-25T20:00:00+00:00,True,RXT,"Rackspace Technology, Inc. Common Stock",CS,XNAS,United States,Technology,"SERVICES-COMPUTER PROGRAMMING, DATA PROCESSING, ETC.",Defense & space,Defense & space | Software & data,6.94,7.19,6.16,6.36,6.82,7.27,6.835,-6.74487,-6.189819,6.364301,0,0,0,0,False,0.9233,0.7,0.75815,True,7.22,6.52,0.7,7.23,8.6,8.61,False,,11788875.0,11419800.0,1.03,1.471429,80.582524,1.032319,11788875.0,1.0,intraday_actual_full_session,1.032319,0.399011,intraday_same_time_78x5m,139164173.333657,28652067.5,190106336.146652,16.228662,16.559974,6.466011,5.8275,1196267995.2,1.2B,-15.537849,27.967807,255.307263,494.392523,396.875,1354,111,6,4,61,0.04986,0.922753,0.996431,0.997797,0.953882,False,False,True,True,2,501,False,,245.154509,92.542392,8.6,20D,8.6,35.220132,8.6,35.220132,8.6,35.220132,False,False,False,,4,False,5,1.66158,3.427603,27.078377,True,11,10,1.03,0.46,2.565001,0.748348,19.417476,Leader,63.525435,4,0,7.19,False,,7.2,,,,,,,6.37,False,nao verificado,,2026-05-18
2026-06-25,intraday,2026-06-25,2026-06-25,2026-06-25T20:00:00+00:00,True,QURE,uniQure N.V. Ordinary Shares,CS,,Netherlands,Health Care,Biotechnology: Pharmaceutical Preparations,Biotech & health,Biotech & health,49.279999,50.47,48.355,49.1,48.849998,49.040001,44.389999,0.511774,-0.387444,10.475336,0,1,0,0,True,2.50525,3.029999,1.209459,False,50.049999,47.02,3.029999,50.059999,50.080002,71.51,False,,2910420.0,4736800.0,2.115,0.69802,64.775414,0.614427,2910420.0,1.0,intraday_actual_full_session,0.614427,0.725069,intraday_same_time_78x5m,121121946.290283,4232042.0,194715967.332802,5.566629,7.882603,41.702355,33.402,3096613514.0,3.1B,1.951827,95.228628,221.756225,124.303335,231.981068,637,4,12,102,133,0.553371,0.997893,0.992148,0.925844,0.89854,False,True,True,False,2,501,False,,133.028041,92.537581,50.080002,20D,50.080002,1.99593,71.5,45.621181,71.5,45.621181,True,False,False,1M,163,False,4,1.71302,6.319829,18.247592,True,10,9,2.115,0.98,7.200001,1.264244,35.224586,New Breakout,92.528653,3,0,50.470001,False,,50.480001,,,,,,,49.740002,False,nao verificado,,nasdaq_2026-06-25
2026-06-25,intraday,2026-06-25,2026-06-25,2026-06-25T20:00:02+00:00,True,AGL,"agilon health, inc.",CS,XNYS,United States,Health Care,"SERVICES-MISC HEALTH & ALLIED SERVICES, NEC",Biotech & health,Biotech & health,106.529999,110.585,93.04,107.25,106.959999,111.730003,113.110001,0.27113,-4.269224,-1.220049,0,1,1,1,False,9.1664,9.669998,1.05494,False,114.959999,105.290001,9.669998,114.969999,119.07,119.08,False,,386541.0,379300.0,17.545,1.814375,19.008264,1.01909,386541.0,1.0,intraday_actual_full_session,1.01909,1.599149,intraday_same_time_74x5m,28874626.875401,311704.1,34632026.878397,9.639227,9.697169,108.014382,102.5055,1448152624.8,1.4B,2.46489,25.776944,808.898305,541.735228,104.285714,604,137,1,3,322,0.576545,0.904494,1.0,0.998532,0.753267,False,False,True,True,2,501,False,,444.73547,92.525216,119.07,20D,119.07,11.020979,119.07,11.020979,193.25,80.18648,False,False,False,,2,False,3,2.502833,2.502833,100.0,False,8,8,17.545,6.089996,15.235001,1.24541,80.991736,Leader,78.983662,2,0,109.989998,True,15:50,109.999998,15:50,93.010002,106.790001,,,,110.584999,False,nao verificado,,2026-05-18
2026-06-25,intraday,2026-06-25,2026-06-25,2026-06-25T20:00:01+00:00,True,APPS,Digital Turbine Inc. Common Stock,CS,,United States,Miscellaneous,Multi-Sector Companies,Multi-Sector Companies,,10.0,10.49,9.82,10.16,10.14,9.26,9.25,0.197235,9.503241,0.108111,3,4,1,0,True,1.058,1.25,1.181475,False,10.38,9.13,1.25,10.39,10.375,10.81,False,,4071058.0,6585900.0,0.67,0.536,49.253731,0.618148,4071058.0,1.0,intraday_actual_full_session,0.618148,0.76031,intraday_same_time_78x5m,76606005.938828,5634905.8,53767111.729847,9.174633,9.174633,9.472608,9.3315,1225925707.0,1.2B,17.865429,111.226611,213.580247,106.504065,34.748011,68,2,16,125,582,0.952949,0.999298,0.989293,0.908957,0.55342,False,True,True,False,2,501,False,,129.702285,92.44797,10.8,20D,10.8,6.299214,10.8,6.299214,10.8,6.299214,False,False,False,,9,False,10,2.445977,2.574713,3.174663,True,13,12,0.67,0.65,1.28,0.601295,50.746269,Ready,78.01996,9,0,10.31,True,10:20,10.32,10:20,9.82,9.94,,,,10.3067,False,nao verificado,,nasdaq_2026-06-25
2026-06-25,intraday,2026-06-25,2026-06-25,2026-06-25T20:00:01+00:00,True,MRVL,"Marvell Technology, Inc. Common Stock",CS,XNAS,United States,Technology,SEMICONDUCTORS & RELATED DEVICES,Semiconductors & AI compute,Semiconductors & AI compute | Optical & networking | Metals & mining,291.174988,292.51,263.72,281.26,276.700012,279.040009,307.859985,1.64799,-0.838588,-9.361391,0,1,0,0,False,26.885004,18.290009,0.680305,True,281.950012,263.660004,18.290009,281.960012,329.880005,329.890005,False,,38774186.0,35747400.0,28.79,1.574083,39.076068,1.084672,38774186.0,1.0,intraday_actual_full_session,1.084672,0.840641,intraday_same_time_78x5m,20552515331.113216,68517118.6,20280042144.203514,9.630136,11.717932,283.719917,275.143002,147907197514.89,147.9B,-2.859709,35.052338,214.151681,234.554538,301.857408,926,65,15,29,89,0.350421,0.955056,0.990007,0.979442,0.93236,False,False,True,True,2,501,False,,147.18483,92.254532,329.880005,20D,329.880005,17.286498,329.880005,17.286498,329.880005,17.286498,False,False,False,,3,False,4,2.009233,2.16792,32.242549,True,11,10,28.79,14.700012,58.399994,1.163797,60.923932,Leader,69.422972,3,0,292.5,False,,292.51,,,,,,,282.0,False,nao verificado,,2026-05-18
2026-06-25,intraday,2026-06-25,2026-06-25,2026-06-25T20:00:00+00:00,True,PENG,"Penguin Solutions, Inc. Ordinary Shares",CS,XNAS,United States,Technology,SEMICONDUCTORS & RELATED DEVICES,Semiconductors & AI compute,Semiconductors & AI compute | Software & data,68.459999,68.88,61.9,66.77,64.720001,66.959999,67.940002,3.167489,-3.345278,-1.442454,0,1,1,1,False,7.08835,6.389999,0.901479,False,67.5,61.110001,6.389999,67.51,77.399002,77.410002,False,,3046789.0,2712500.0,6.98,1.092332,30.229226,1.12324,3046789.0,1.0,intraday_actual_full_session,1.12324,1.160376,intraday_same_time_78x5m,206930778.811628,2995118.9,195999899.067309,10.849708,11.48804,64.741061,63.673,2319668590.68,2.3B,11.880027,21.510464,277.8721,239.106145,239.96945,167,191,3,27,124,0.883427,0.866573,0.998572,0.98091,0.905457,False,False,True,True,2,501,False,,165.428214,91.986226,77.400002,20D,77.400002,15.920326,77.400002,15.920326,77.400002,15.920326,False,False,False,,2,False,3,2.138044,2.461358,38.432382,True,10,9,6.98,3.939999,11.849998,1.247375,69.770774,Leader,71.311247,2,0,68.879898,False,,68.889898,,,,,,,66.769997,False,nao verificado,,2026-05-18
2026-06-25,intraday,2026-06-25,2026-06-25,2026-06-25T20:00:01+00:00,True,TWST,Twist Bioscience Corporation Common Stock,CS,XNAS,United States,Health Care,"BIOLOGICAL PRODUCTS, (NO DIAGNOSTIC SUBSTANCES)",Semiconductors & AI compute,Semiconductors & AI compute,94.175003,98.4,91.881,96.65,91.349998,85.0,85.169998,5.801863,7.470586,-0.199599,1,2,2,2,True,5.255999,8.300003,1.579149,False,93.800003,85.5,8.300003,93.810003,93.800003,93.810003,False,,2780879.0,2603000.0,6.519,0.785421,26.844608,1.068336,2780879.0,1.0,intraday_actual_full_session,1.068336,1.405026,intraday_same_time_78x5m,168490905.499501,2574867.9,217981373.413552,5.746714,6.137018,85.050145,77.091,3100488724.06,3.1B,16.628454,48.990288,115.736607,210.472213,184.935142,83,24,56,34,166,0.942416,0.983848,0.960742,0.975771,0.873174,False,True,False,True,2,501,False,,110.998347,91.942854,93.800003,20D,93.800003,-2.948781,93.800003,-2.948781,93.800003,-2.948781,True,True,True,ATH,0,False,1,2.8408,5.049375,66.472685,False,4,4,6.519,2.75,8.419998,1.256201,73.155392,Chase Breakout,99.588884,0,1,97.339996,True,14:10,97.349996,14:10,91.881203,95.309998,09:30,94.175003,91.881203,98.220001,True,nao verificado,,2026-05-18
2026-06-25,intraday,2026-06-25,2026-06-25,2026-06-25T20:00:00+00:00,True,ORKA,"Oruka Therapeutics, Inc. Common Stock",CS,XNAS,United States,Health Care,PHARMACEUTICAL PREPARATIONS,Semiconductors & AI compute,Semiconductors & AI compute | Biotech & health,82.940002,88.65,82.67,86.63,82.089996,83.400002,85.379997,5.53052,-1.57075,-2.319039,0,1,1,1,False,4.1975,5.260002,1.253127,False,85.68,80.419998,5.260002,85.69,88.826103,91.01,False,,1800194.0,1640900.0,5.98,1.136882,33.779264,1.097077,1800194.0,1.0,intraday_actual_full_session,1.097077,1.222781,intraday_same_time_78x5m,99522452.082175,1651559.4,129102742.554167,5.509474,6.252372,76.896634,67.851999,3518607972.34,3.5B,22.220655,46.681341,123.158166,199.343469,623.725982,40,30,51,40,24,0.972612,0.979635,0.964311,0.971366,0.982321,True,True,False,True,2,501,False,,108.99297,91.711165,88.830002,20D,88.830002,2.539538,91.0,5.044442,91.0,5.044442,False,False,False,,40,False,3,3.310299,4.5602,44.121915,True,9,8,5.98,2.939999,9.830002,1.704615,66.220736,Leader,91.217392,2,0,85.360001,True,10:00,85.370001,10:00,82.669998,83.559998,,,,87.0,False,nao verificado,,2026-05-18
2026-06-25,intraday,2026-06-25,2026-06-25,2026-06-25T20:04:34+00:00,True,DELL,Dell Technologies Inc.,CS,XNYS,United States,Technology,ELECTRONIC COMPUTERS,ELECTRONIC COMPUTERS,,414.540009,415.66,391.17,409.45,434.059998,427.779999,418.709991,-5.669723,1.468044,2.166179,3,0,1,0,False,28.984003,22.040009,0.76042,True,440.380005,418.339996,22.040009,440.390005,444.0,469.480001,False,,11084453.0,6317200.0,24.49,1.111161,25.357289,1.754647,11084453.0,1.0,intraday_actual_full_session,1.754647,1.749043,intraday_same_time_78x5m,5159138071.919821,8278905.3,3406793273.308026,7.11634,7.683826,411.617841,407.405998,154616739354.61002,154.6B,-2.353811,34.210699,161.195458,206.130841,253.187268,897,68,28,35,115,0.370787,0.952949,0.980728,0.975037,0.912375,False,False,True,True,2,501,False,,119.777644,91.705381,469.470001,20D,469.470001,14.658689,469.470001,14.658689,469.470001,14.658689,False,False,False,,16,False,17,1.684602,2.448713,15.819925,True,10,9,24.49,19.570007,50.669983,0.736278,74.642711,Ready,65.035195,10,0,417.320007,False,,417.330007,,,,,,,409.600006,False,nao verificado,,2026-05-18
2026-06-25,intraday,2026-06-25,2026-06-25,2026-06-25T20:01:36+00:00,True,VSH,"Vishay Intertechnology, Inc.",CS,XNYS,United States,Technology,ELECTRONIC COMPONENTS & ACCESSORIES,Semiconductors & AI compute,Semiconductors & AI compute | Defense & space | Power & electrification | Optical & networking | Auto & autonomy,58.380001,62.62,54.79,59.91,55.59,58.959999,64.269997,7.771182,-5.715738,-8.262016,0,1,0,0,False,5.935,5.0,0.84246,False,58.509998,53.509998,5.0,58.519998,69.470001,69.480001,False,,6250075.0,6368400.0,7.83,1.566,34.610473,0.98142,6250075.0,1.0,intraday_actual_full_session,0.98142,0.948993,intraday_same_time_78x5m,544171929.647126,7449247.5,454006633.4863,10.140211,11.399241,59.614404,59.2065,5029110307.650001,5.0B,-0.696171,18.939845,237.901861,302.620968,290.802348,802,224,9,14,93,0.4375,0.843399,0.99429,0.990455,0.929285,False,False,True,True,2,501,False,,172.419536,91.64424,69.470001,20D,69.470001,15.957271,69.470001,15.957271,69.470001,15.957271,False,False,False,,3,False,4,2.336995,2.336995,50.738394,False,10,10,7.83,3.02,12.5,0.871844,65.389527,Leader,71.050637,3,0,59.199902,True,10:20,59.209902,10:20,54.790001,58.430099,,,,60.259998,False,nao verificado,,2026-05-18
2026-06-25,intraday,2026-06-25,2026-06-25,2026-06-25T20:00:01+00:00,True,STX,Seagate Technology Holdings PLC Ordinary Shares (Ireland),CS,XNAS,Ireland,Technology,COMPUTER STORAGE DEVICES,Semiconductors & AI compute,Semiconductors & AI compute,1095.0,1110.0,1001.33,1025.36,993.25,1038.589966,1094.040039,3.232822,-4.365531,-5.068377,0,1,0,0,False,59.262991,82.799988,1.397162,False,1035.859985,953.059998,82.799988,1035.869985,1145.0,1145.01,False,,5494424.0,4259600.0,108.67,1.31244,77.887181,1.289892,5494424.0,1.0,intraday_actual_full_session,1.289892,1.429958,intraday_same_time_78x5m,4090522922.670447,5238202.4,5394253283.84187,6.782495,7.896252,1005.293023,949.905991,166117806433.28,166.1B,-3.818699,21.235339,135.931891,255.867143,683.495071,971,195,42,21,19,0.31882,0.863764,0.970735,0.985316,0.986164,False,False,True,True,2,501,False,,123.610102,91.170998,1145.0,20D,1145.0,11.668097,1145.0,11.668097,1145.0,11.668097,False,False,False,,3,False,4,2.370654,3.995801,98.937308,False,8,8,108.67,40.709961,109.399963,1.44229,22.112819,Leader,77.200453,3,0,1099.98999,False,,1099.99999,,,,,,,1028.0,False,nao verificado,,2026-05-18
2026-06-25,intraday,2026-06-25,2026-06-25,2026-06-25T20:00:01+00:00,True,TNGX,"Tango Therapeutics, Inc.",CS,XNAS,United States,Health Care,PHARMACEUTICAL PREPARATIONS,Biotech & health,Biotech & health | Energy / oil & gas,29.35,31.14,29.025,30.14,29.120001,28.389999,28.5,3.502744,2.571333,-0.385967,1,2,0,0,False,2.19015,1.51,0.689451,True,29.889999,28.379999,1.51,29.899999,34.389999,34.399999,False,,4499051.0,4762700.0,2.115,1.400662,47.281324,0.944643,4499051.0,1.0,intraday_actual_full_session,0.944643,0.873084,intraday_same_time_78x5m,166374130.42601,5860605.1,174262237.217987,8.560528,10.093849,29.18955,27.191,2984087868.66,3.0B,-6.658408,50.399202,56.004141,236.383929,527.263267,1103,23,219,28,38,0.226124,0.984551,0.844397,0.980176,0.97156,False,True,False,True,2,501,False,,100.194401,91.047472,34.389999,20D,34.389999,14.100861,34.389999,14.100861,34.389999,14.100861,False,False,False,,4,False,5,1.324662,2.215439,26.660997,True,12,11,2.115,0.549999,6.42,1.138239,52.718676,Ready,73.477192,4,0,30.98,True,10:05,30.99,10:05,29.26,29.025,,,,30.15,False,nao verificado,,2026-05-18
2026-06-25,intraday,2026-06-25,2026-06-25,2026-06-25T20:00:00+00:00,True,SEZL,Sezzle Inc. Common Stock,CS,,United States,Finance,Finance: Consumer Services,Finance: Consumer Services,,161.270004,165.9,156.0,163.74,159.270004,151.610001,156.470001,2.806552,5.05244,-3.106027,1,2,0,0,True,8.797651,13.059998,1.484487,False,163.059998,150.0,13.059998,163.069998,164.380005,186.750005,False,,488169.0,546300.0,9.9,0.75804,21.818182,0.893591,488169.0,1.0,intraday_actual_full_session,0.893591,0.758391,intraday_same_time_76x5m,88104473.912495,772936.9,115917256.34153,5.989461,6.537368,149.489058,134.244001,5506088091.0,5.5B,11.592721,48.881615,147.192029,124.209229,13.811079,176,25,34,103,711,0.877107,0.983146,0.976445,0.92511,0.454266,False,True,True,False,2,501,False,,92.692935,90.88338,164.380005,20D,164.380005,0.390867,186.740005,14.046663,186.740005,14.046663,True,False,False,1M,242,False,4,1.734818,4.278659,49.813142,True,3,2,9.9,5.900002,13.930008,1.161169,78.181818,New Breakout,87.943728,3,0,161.5,True,10:10,161.51,10:10,156.0,160.168503,,,,163.770004,False,nao verificado,,nasdaq_2026-06-25
2026-06-25,intraday,2026-06-25,2026-06-25,2026-06-25T20:00:01+00:00,True,CLOV,Clover Health Investments Corp. Class A Common Stock,CS,,United States,Health Care,Medical Specialities,Medical Specialities,,5.185,5.28,5.125,5.21,5.21,5.06,5.14,-1e-06,2.964429,-1.556419,1,0,2,2,False,0.3037,0.25,0.823181,False,5.315,5.065,0.25,5.325,5.35,5.36,False,,4641271.0,8272500.0,0.155,0.62,45.16129,0.561048,4641271.0,1.0,intraday_actual_full_session,0.561048,0.574132,intraday_same_time_78x5m,44018564.447234,8538777.1,42330950.024247,5.928022,6.373594,4.92757,4.509,2744025328.0,2.7B,8.541667,44.32133,175.661376,97.348485,84.09894,259,34,24,140,377,0.81882,0.976826,0.983583,0.897944,0.710992,False,True,True,False,2,501,False,,91.709041,90.585089,5.35,20D,5.35,2.687138,5.35,2.687138,5.35,2.687138,False,False,False,,1,False,2,1.535847,2.559745,3.19147,True,9,8,0.155,0.14,0.61,0.734507,54.83871,Leader,84.320346,1,0,5.2799,False,,5.2899,,,,,,,5.23,False,nao verificado,,nasdaq_2026-06-25
2026-06-25,intraday,2026-06-25,2026-06-25,2026-06-25T20:00:02+00:00,True,VPG,"Vishay Precision Group, Inc.",CS,XNYS,United States,Technology,ELECTRONIC COMPONENTS & ACCESSORIES,Industrial components,Industrial components,138.270004,138.83,128.5,134.02,133.389999,134.169998,140.919998,0.4723,-0.581351,-4.789952,0,1,0,0,False,11.641001,8.659996,0.743922,True,136.149994,127.489998,8.659996,136.159994,145.899902,148.399999,False,,447766.0,490100.0,10.33,1.192841,46.563408,0.913622,447766.0,1.0,intraday_actual_full_session,0.913622,0.869834,intraday_same_time_76x5m,73699828.627518,556516.6,77204224.196182,8.650095,9.129768,134.690206,131.662999,1399398210.0,1.4B,0.427126,8.597358,209.58651,247.472129,421.884735,728,405,18,25,52,0.489466,0.716292,0.987866,0.982379,0.960799,False,False,True,True,2,501,False,,141.150643,90.175101,148.389999,20D,148.389999,10.72228,148.389999,10.72228,148.389999,10.72228,False,False,False,,6,False,7,1.507881,2.075073,22.280165,True,11,10,10.33,7.340004,20.759995,0.809346,53.436592,Ready,70.021641,6,0,138.830002,True,12:25,138.840002,12:25,128.5,133.419998,,,,135.339996,False,nao verificado,,2026-05-18
2026-06-25,intraday,2026-06-25,2026-06-25,2026-06-25T20:00:01+00:00,True,INTC,Intel Corp,CS,XNAS,United States,Technology,SEMICONDUCTORS & RELATED DEVICES,Semiconductors & AI compute,Semiconductors & AI compute,139.669998,140.72,125.41,132.87,131.649994,132.279999,140.940002,0.926704,-0.476266,-6.144461,0,1,1,1,False,8.289999,8.130005,0.9807,False,136.080002,127.949997,8.130005,136.090002,141.449997,141.459997,False,,122260596.0,104591700.0,15.31,1.883148,51.273677,1.168932,122260596.0,1.0,intraday_actual_full_session,1.168932,0.992481,intraday_same_time_78x5m,16263486980.770477,144332089.6,18446903607.65019,6.885354,8.570138,127.75616,119.0495,543662420000.0,543.7B,9.71924,7.569624,187.721958,256.124363,538.798077,217,433,21,20,37,0.848315,0.696629,0.985724,0.98605,0.972329,False,False,True,True,2,501,False,,136.403959,89.942277,141.449997,20D,141.449997,6.457437,141.449997,6.457437,141.449997,6.457437,False,False,False,,2,False,3,1.408606,2.717099,100.0,False,11,11,15.31,5.23999,14.540001,1.058524,48.726323,Leader,84.27921,2,0,140.720001,False,,140.730001,,,,,,,133.080002,False,nao verificado,,2026-05-18
2026-06-25,intraday,2026-06-25,2026-06-25,2026-06-25T20:00:01+00:00,True,MXL,"MaxLinear, Inc. Common Stock",CS,XNAS,United States,Technology,SEMICONDUCTORS & RELATED DEVICES,Semiconductors & AI compute,Semiconductors & AI compute | Defense & space,88.120003,97.5,83.01,94.47,84.989998,89.080002,96.440002,11.154256,-4.591383,-7.631689,0,1,1,0,False,9.232499,7.779999,0.842675,False,89.989998,82.209999,7.779999,89.999998,98.989899,106.289999,False,,4001171.0,2243900.0,14.49,1.862468,20.910973,1.783132,4001171.0,1.0,intraday_actual_full_session,1.783132,1.662995,intraday_same_time_78x5m,354163004.896893,3000657.1,264667295.576105,9.214564,10.107516,88.261282,86.567,7831689574.139999,7.8B,13.997828,-1.716604,452.45614,451.166861,640.360502,120,701,2,5,23,0.916433,0.508427,0.999286,0.997063,0.98309,False,False,True,True,2,501,False,,286.567443,89.17435,103.470001,20D,103.470001,9.526835,106.279999,12.501322,106.279999,12.501322,False,False,False,,20,False,19,1.757331,2.695691,95.361733,False,10,10,14.49,4.209999,14.990005,0.83033,79.089027,Ready,79.214357,10,0,93.199997,True,11:50,93.209997,11:50,83.010002,91.654999,,,,94.93,False,nao verificado,,2026-05-18
2026-06-25,intraday,2026-06-25,2026-06-25,2026-06-25T20:00:03+00:00,True,AMBQ,Ambiq Micro Inc. Common Stock,CS,,United States,Technology,Semiconductors,Semiconductors & AI compute,Semiconductors & AI compute,84.400002,86.0,79.425,83.43,81.18,79.779999,88.559998,2.771618,1.754828,-9.914181,1,2,0,0,False,6.73535,5.120003,0.760169,True,83.620003,78.5,5.120003,83.630003,91.610001,,False,,733797.0,2139800.0,6.575,1.284179,39.087452,0.342928,733797.0,1.0,intraday_actual_full_session,0.342928,0.966275,intraday_same_time_78x5m,61986381.152797,914329.7,77375629.952384,8.570742,9.077583,82.742421,81.682001,1783379156.0,1.8B,5.447422,-0.143627,221.999228,201.626898,,410,654,11,37,,0.712781,0.541433,0.992862,0.973568,,False,False,True,True,2,228,True,Historico curto,127.092811,88.910993,91.610001,20D,91.610001,9.804627,,,,,False,False,False,,,False,4,1.731053,2.259215,35.418297,True,9,8,6.575,4.395004,10.550003,1.717683,60.912548,Leader,78.639655,3,0,85.0,True,12:10,85.01,12:10,79.425003,82.870003,,,,83.834999,False,nao verificado,,nasdaq_2026-06-25
2026-06-25,intraday,2026-06-25,2026-06-25,2026-06-25T20:00:01+00:00,True,HUT,Hut 8 Corp. Common Stock,CS,XNAS,United States,Finance,FINANCE SERVICES,Semiconductors & AI compute,Semiconductors & AI compute | Power & electrification | Software & data | Metals & mining | Crypto & blockchain,120.099998,121.995,109.3,117.68,116.099998,120.510002,121.040001,1.360897,-3.65945,-0.437871,0,1,1,0,False,10.427551,8.959999,0.859262,False,120.470001,111.510002,8.959999,120.480001,129.880005,140.810003,False,,3113087.0,3875700.0,12.695,1.416853,33.98976,0.803232,3113087.0,1.0,intraday_actual_full_session,0.803232,1.034921,intraday_same_time_78x5m,473422925.041241,3770458.7,450855686.794213,9.065978,9.58312,118.909534,120.9585,10831553574.4,10.8B,-1.009421,4.567265,134.702832,219.348711,592.642731,815,514,43,31,29,0.428371,0.639747,0.970021,0.977974,0.978478,False,False,True,True,2,501,False,,105.47158,88.906662,140.800003,20D,140.800003,19.646502,140.800003,19.646502,140.800003,19.646502,False,False,False,,15,False,16,1.824886,1.997799,58.451868,False,9,9,12.695,5.709999,17.660004,0.954589,66.01024,Ready,63.874245,10,0,121.994797,False,,122.004797,,,,,,,117.870003,False,nao verificado,,2026-05-18
2026-06-25,intraday,2026-06-25,2026-06-25,2026-06-25T20:00:00+00:00,True,ULCC,Frontier Group Holdings Inc. Common Stock,CS,,United States,Consumer Discretionary,Air Freight/Delivery Services,Air Freight/Delivery Services,,7.7,8.405,7.61,8.06,7.43,7.25,7.14,8.479141,2.482756,1.540618,2,3,3,3,True,0.42325,0.32,0.756055,True,7.54,7.22,0.32,7.55,7.54,7.55,False,,5150531.0,3836700.0,0.795,2.484374,43.396226,1.342438,5150531.0,1.0,intraday_actual_full_session,1.342438,1.289319,intraday_same_time_78x5m,29137424.671658,4837323.1,33101826.534787,5.946472,6.731655,7.029145,6.40225,1852102040.0,1.9B,21.385542,51.789077,154.258675,57.575758,136.01757,44,21,31,257,241,0.969803,0.985955,0.978587,0.812041,0.815527,False,True,True,False,2,501,False,,73.806481,88.22015,7.54,20D,7.54,-6.451613,7.54,-6.451613,10.26,27.295288,True,True,False,52W,0,False,1,2.930489,5.704318,100.0,False,9,9,0.795,0.25,0.76,0.892072,56.603774,Chase Breakout,94.60951,0,4,8.1185,True,10:05,8.1285,10:05,7.6125,7.895,09:30,7.6125,7.6125,8.075,True,nao verificado,,nasdaq_2026-06-25
2026-06-25,intraday,2026-06-25,2026-06-25,2026-06-25T20:00:01+00:00,True,AEHR,Aehr Test Systems,CS,XNAS,United States,Industrials,INSTRUMENTS FOR MEAS & TESTING OF ELECTRICITY & ELEC SIGNALS,Semiconductors & AI compute,Semiconductors & AI compute | Power & electrification | Optical & networking | Auto & autonomy,102.440002,102.58,91.475,98.79,95.199997,102.389999,113.330002,3.771012,-7.022173,-9.653227,0,1,0,0,False,11.786001,12.459999,1.057186,False,103.760002,91.300003,12.459999,103.770002,123.480003,126.630003,False,,1031709.0,1478500.0,11.105,0.891252,34.128771,0.697808,1031709.0,1.0,intraday_actual_full_session,0.697808,0.766222,intraday_same_time_78x5m,182814118.91492,1435680.9,154094464.422552,12.187832,13.919499,104.044471,104.0805,2628548436.78,2.6B,-12.280234,-10.125546,161.626059,351.09589,770.396476,1293,980,27,12,14,0.092697,0.3125,0.981442,0.991924,0.990008,False,False,True,True,2,501,False,,153.464112,87.018776,126.620003,20D,126.620003,28.17087,126.620003,28.17087,126.620003,28.17087,False,False,False,,6,False,7,2.163468,2.568527,30.806142,True,12,11,11.105,6.290001,21.919998,0.744111,65.871229,Leader,62.211266,6,0,102.440002,False,,102.450002,,,,,,,98.879997,False,nao verificado,,2026-05-18
2026-06-25,intraday,2026-06-25,2026-06-25,2026-06-25T20:00:00+00:00,True,HQ,Horizon Quantum Holdings Ltd. Class A Ordinary Shares,CS,XNAS,Singapore,Technology,EDP Services,Quantum computing,Quantum computing | Software & data,28.785,28.9,25.67,25.92,28.41,33.389999,38.389999,-8.764519,-14.914644,-13.024225,0,0,1,1,False,3.8945,6.83,1.753755,False,34.110001,27.280001,6.83,34.120001,44.950001,,False,,714575.0,877400.0,3.23,0.472914,92.260062,0.814423,714575.0,1.0,intraday_actual_full_session,0.814423,0.255885,intraday_same_time_78x5m,35437758.748739,2514927.5,67198719.588685,19.692459,20.144399,25.067717,17.968,630800578.82,630.8M,9.78399,118.918919,,,,215,1,,,,0.849719,1.0,,,,False,True,False,False,1,67,True,Historico curto,110.129522,86.666667,45.0,20D,45.0,73.611111,,,,,False,False,False,,,False,3,4.213407,6.751026,16.162265,True,9,8,3.23,0.72,16.25,1.983651,7.739938,Leader,56.0,2,0,28.9,False,,28.91,,,,,,,26.02,False,nao verificado,,2026-04-15
2026-06-25,intraday,2026-06-25,2026-06-25,2026-06-25T20:00:01+00:00,True,BAND,Bandwidth Inc. Class A Common Stock,CS,XNAS,United States,Technology,SERVICES-PREPACKAGED SOFTWARE,Optical & networking,Optical & networking | Software & data,52.279999,52.67,50.18,52.32,52.279999,52.73,50.82,0.076513,-0.853406,3.758363,0,1,1,0,False,5.705001,3.07,0.538124,True,54.299999,51.23,3.07,54.309999,54.299999,75.990003,False,,702601.0,1084500.0,2.49,0.811075,14.056225,0.647857,702601.0,1.0,intraday_actual_full_session,0.647857,0.279456,intraday_same_time_78x5m,92563726.402583,1945450.1,103126134.540853,10.034404,10.476737,54.512333,60.42575,1791368326.65,1.8B,2.911094,-14.481857,239.519792,248.8,270.014144,570,1106,7,24,103,0.600421,0.224017,0.995717,0.983113,0.921599,False,False,True,True,2,501,False,,143.877956,86.497674,75.980003,20D,75.980003,45.221719,75.980003,45.221719,75.980003,45.221719,False,False,False,,11,False,12,1.12197,3.433411,0.0,True,9,8,2.49,3.07,9.890003,0.852567,85.943775,Leader,55.898605,10,0,52.610001,True,15:55,52.620001,15:55,50.18,52.209999,,,,52.669998,False,nao verificado,,2026-05-18
2026-06-25,intraday,2026-06-25,2026-06-25,2026-06-25T20:00:00+00:00,True,UCTT,"Ultra Clean Holdings, Inc.",CS,XNAS,United States,Technology,SEMICONDUCTORS & RELATED DEVICES,Semiconductors & AI compute,Semiconductors & AI compute | Energy / oil & gas,116.459999,120.75,110.946,120.66,108.419998,111.629997,123.139999,11.289432,-2.87557,-9.347086,0,1,1,1,False,7.446501,6.980003,0.937353,False,113.0,106.019997,6.980003,113.01,125.0,125.01,False,,1496910.0,1437700.0,9.804,1.404584,0.917993,1.041184,1496910.0,1.0,intraday_actual_full_session,1.041184,1.419736,intraday_same_time_78x5m,135845569.258453,1315131.0,148830944.314255,6.847713,8.415027,111.225555,100.806,3480921532.8,3.5B,8.108592,37.96021,92.655277,380.525687,495.557749,270,55,102,9,41,0.811096,0.962079,0.927909,0.994126,0.969254,False,False,False,True,1,501,False,,156.312369,85.436629,125.0,20D,125.0,3.596884,125.0,3.596884,125.0,3.596884,False,False,False,,2,False,3,1.869293,3.188041,56.96151,False,8,8,9.804,4.329994,13.940002,0.980098,99.082007,Leader,85.866652,2,0,119.080002,True,12:05,119.090002,12:05,110.945702,116.864998,,,,120.540001,False,nao verificado,,2026-05-18
2026-06-25,intraday,2026-06-25,2026-06-25,2026-06-25T20:00:01+00:00,True,ICHR,Ichor Holdings,CS,XNAS,United States,Technology,SEMICONDUCTORS & RELATED DEVICES,Semiconductors & AI compute,Semiconductors & AI compute | Defense & space | Energy / oil & gas,97.400002,97.4,89.277,95.03,89.379997,92.199997,99.610001,6.321328,-3.058568,-7.439016,0,1,1,1,False,6.22315,6.82,1.095908,False,93.400002,86.580002,6.82,93.410002,101.650002,101.660002,False,,1104358.0,868200.0,8.123,1.191056,29.176413,1.272009,1104358.0,1.0,intraday_actual_full_session,1.272009,1.091147,intraday_same_time_78x5m,95082410.868063,1144325.8,104676864.097119,7.321034,8.820561,89.492595,80.696499,2314370646.0,2.3B,6.238122,30.66135,85.895931,441.173121,446.149425,358,86,112,6,46,0.749298,0.940309,0.920771,0.996329,0.965411,False,False,False,True,1,501,False,,171.842112,85.313208,101.650002,20D,101.650002,6.966223,101.650002,6.966223,101.650002,6.966223,False,False,False,,2,False,3,1.797862,3.437055,52.847122,False,10,10,8.123,4.057999,11.75,0.980082,70.823587,Leader,80.738591,2,0,97.400002,False,,97.410002,,,,,,,95.080002,False,nao verificado,,2026-05-18
2026-06-25,intraday,2026-06-25,2026-06-25,2026-06-25T20:00:00+00:00,True,SLS,"SELLAS Life Sciences Group, Inc. Common Stock",CS,XNAS,United States,Health Care,PHARMACEUTICAL PREPARATIONS,Biotech & health,Biotech & health,9.21,11.06,8.98,10.53,9.17,9.07,8.53,14.83097,1.10254,6.330598,5,6,3,0,True,0.677,0.509999,0.753322,True,9.32,8.81,0.509999,9.33,9.31,9.52,False,,14947456.0,4589100.0,2.08,4.078437,25.480769,3.257165,14947456.0,1.0,intraday_actual_full_session,3.257165,2.751927,intraday_same_time_78x5m,73857611.760317,7479495.6,64734927.825077,6.891873,7.197123,8.754523,8.4055,1356177464.46,1.4B,35.695876,29.679803,102.5,378.636364,575.0,9,96,80,10,30,0.994382,0.933287,0.943612,0.993392,0.977709,True,False,False,True,1,501,False,,156.204033,85.288396,9.51,20D,9.51,-9.686608,9.51,-9.686608,9.51,-9.686608,True,True,True,ATH,17,True,18,4.156457,5.264845,100.0,False,13,13,2.08,0.42,1.24,1.161744,74.519231,Breakout Baseline,105.702949,10,0,9.41,True,10:05,9.42,10:05,8.98,9.345,10:05,8.98,9.345,10.575,True,nao verificado,,2026-05-18
2026-06-25,intraday,2026-06-25,2026-06-25,2026-06-25T20:00:01+00:00,True,WDC,Western Digital Corp.,CS,XNAS,United States,Technology,COMPUTER STORAGE DEVICES,Semiconductors & AI compute,Semiconductors & AI compute,709.070007,727.0,658.5,675.39,643.830017,670.75,732.619995,4.901912,-4.013415,-8.445032,0,1,0,0,False,39.544496,52.590027,1.329895,False,665.0,612.409973,52.590027,665.01,799.869995,799.879995,False,,11690257.0,12214400.0,68.5,1.302528,75.343066,0.957088,11690257.0,1.0,intraday_actual_full_session,0.957088,1.234183,intraday_same_time_78x5m,5840284455.057007,11800505.7,7993840599.817078,7.001034,9.192994,654.576403,599.776999,158098799847.08002,158.1B,-5.15917,28.731535,113.10384,286.876701,1053.133003,1031,105,58,15,6,0.276685,0.926966,0.959315,0.989721,0.996157,False,False,False,True,1,501,False,,128.836003,85.170795,799.869995,20D,799.869995,18.430832,799.869995,18.430832,799.869995,18.430832,False,False,False,,3,False,4,3.019236,5.00688,100.0,False,3,3,68.5,21.160034,64.539978,1.424928,24.656934,Leader,63.45623,3,0,710.880005,False,,710.890005,,,,,,,675.869995,False,nao verificado,,2026-05-18
2026-06-25,intraday,2026-06-25,2026-06-25,2026-06-25T20:00:01+00:00,True,ALAB,Astera Labs Inc. Common Stock,CS,,United States,Technology,Semiconductors,Semiconductors & AI compute,Semiconductors & AI compute,422.296814,429.91,386.95,398.0,399.920013,397.019989,439.660004,-0.480099,0.730448,-9.698407,1,0,1,1,False,31.354402,36.580017,1.166663,False,421.700012,385.119995,36.580017,421.710012,440.98999,440.99999,False,,4742889.0,4063500.0,42.96,1.174412,74.278399,1.167193,4742889.0,1.0,intraday_actual_full_session,1.167193,1.060196,intraday_same_time_78x5m,2388896155.665582,7096978.9,2818861052.544848,8.717749,9.916278,389.040604,366.8645,68220359722.0,68.2B,6.223978,24.874498,215.472416,174.596385,328.371542,360,145,14,56,76,0.747893,0.898876,0.990721,0.959618,0.942352,False,False,True,False,1,501,False,,124.246411,84.992571,440.98999,20D,440.98999,10.801505,440.98999,10.801505,440.98999,10.801505,False,False,False,,2,False,3,1.425502,2.577863,42.283939,True,13,12,42.96,23.779999,69.140015,1.354303,25.721601,Leader,74.793285,2,0,429.910004,False,,429.920004,,,,,,,399.660004,False,nao verificado,,nasdaq_2026-06-25
2026-06-25,intraday,2026-06-25,2026-06-25,2026-06-25T20:00:01+00:00,True,ATEX,Anterix Inc. Common Stock,CS,XNAS,United States,Telecommunications,TELEPHONE COMMUNICATIONS (NO RADIOTELEPHONE),Optical & networking,Optical & networking,80.445,81.225,78.249,81.0,79.089996,79.980003,77.019997,2.414975,-1.112787,3.843167,0,1,0,0,False,5.79045,6.060005,1.046552,False,82.910004,76.849998,6.060005,82.920004,82.247002,88.130003,False,,334535.0,487000.0,2.976,0.491089,7.560484,0.68693,334535.0,1.0,intraday_actual_full_session,0.68693,0.679653,intraday_same_time_68x5m,38941756.418427,658543.5,52623302.82663,8.12963,8.294973,77.364762,72.688,1029934237.22,1.0B,2.324406,27.098698,102.651989,280.46031,187.744227,614,123,79,16,160,0.569522,0.914326,0.944325,0.988987,0.877786,False,False,False,True,1,501,False,,122.668977,84.90139,88.120003,20D,88.120003,8.790127,88.120003,8.790127,88.120003,8.790127,False,False,False,,7,False,8,1.805348,3.196195,0.745363,True,9,8,2.976,2.879997,15.760002,0.939229,92.439516,Ready,71.755643,7,0,,False,,,,,,,,,81.224998,False,nao verificado,,2026-05-18
2026-06-25,intraday,2026-06-25,2026-06-25,2026-06-25T20:00:00+00:00,True,SHAZ,SharonAI Holdings Inc. Class A Common Stock,CS,,United States,Technology,EDP Services,EDP Services,,85.599998,86.91,76.38,80.77,83.690002,84.360001,91.910004,-3.48907,-0.794213,-8.214561,0,0,0,0,False,9.947,9.950005,1.000302,False,89.050003,79.099998,9.950005,89.060003,97.199997,,False,,777965.0,935900.0,10.53,1.058291,58.309592,0.831248,777965.0,1.0,intraday_actual_full_session,0.831248,0.435374,intraday_same_time_78x5m,81905734.205561,1490726.5,119127910.404377,13.460621,14.332585,80.572791,76.1535,1352433153.0,1.4B,-5.032334,24.261538,215.754496,,,1023,153,13,,,0.282303,0.893258,0.991435,,,False,False,True,False,1,89,True,Historico curto,106.91716,84.839892,97.480003,20D,97.480003,20.688379,,,,,False,False,False,,,False,5,1.777751,3.349911,48.484833,True,7,6,10.53,4.93,16.480003,1.131303,41.690408,Leader,56.903935,4,0,86.910004,False,,86.920004,,,,,,,81.150002,False,nao verificado,,nasdaq_2026-06-25
2026-06-25,intraday,2026-06-25,2026-06-25,2026-06-25T20:00:02+00:00,True,BFLY,"Butterfly Network, Inc.",CS,XNYS,United States,Health Care,X-RAY APPARATUS & TUBES & RELATED IRRADIATION APPARATUS,Semiconductors & AI compute,Semiconductors & AI compute | Power & electrification | Software & data,7.81,8.29,7.79,8.02,7.77,7.67,7.27,3.217503,1.30378,5.502065,2,3,0,0,False,0.5811,0.627,1.078988,False,8.287,7.66,0.627,8.297,8.94,8.95,False,,6663648.0,10175200.0,0.5,0.797448,54.0,0.654891,6663648.0,1.0,intraday_actual_full_session,0.654891,0.446072,intraday_same_time_78x5m,70046825.134987,15092534.8,116227237.706965,8.969539,10.429282,6.96002,5.781,1004701079.04,1.0B,40.455342,76.651982,102.015113,140.11976,264.545455,5,6,82,79,107,0.997191,0.996489,0.942184,0.942731,0.918524,True,True,False,False,1,501,False,,92.194263,84.739789,8.94,20D,8.94,11.471316,8.94,11.471316,8.94,11.471316,False,False,False,,3,False,4,2.546541,4.36977,17.391291,True,8,7,0.5,0.18,2.02,2.420929,46.0,Leader,73.636899,3,0,8.1,True,10:20,8.11,10:20,7.79,7.82,,,,8.06,False,nao verificado,,2026-05-18
2026-06-25,intraday,2026-06-25,2026-06-25,2026-06-25T20:00:03+00:00,True,BB,BlackBerry Limited,CS,XNYS,Canada,Technology,SERVICES-PREPACKAGED SOFTWARE,Software & data,Software & data | Auto & autonomy,9.72,10.67,9.52,10.34,8.62,8.82,8.79,19.953598,-2.267572,0.341294,0,1,0,0,True,0.789,0.83,1.051964,False,9.38,8.55,0.83,9.39,9.3899,10.94,False,,70161578.0,39015000.0,1.15,1.385542,28.695652,1.798323,70161578.0,1.0,intraday_actual_full_session,1.798323,2.68166,intraday_same_time_78x5m,414045159.908134,32347737.8,297813866.80857,7.163582,7.951093,9.126401,9.2685,3739071776.66,3.7B,17.100793,22.80285,213.333333,135.535308,140.465116,76,178,17,82,232,0.947331,0.875702,0.98858,0.940529,0.822444,False,False,True,False,1,501,False,,109.822475,84.526169,10.93,20D,10.93,5.705999,10.93,5.705999,10.93,5.705999,False,False,False,,13,False,14,2.99218,2.99218,79.999962,False,10,10,1.15,0.35,1.35,0.91512,71.304348,Ready,82.156703,10,0,10.44,True,10:05,10.45,10:05,9.52,10.17,,,,10.355,False,nao verificado,,2026-05-18
2026-06-25,intraday,2026-06-25,2026-06-25,2026-06-25T20:00:00+00:00,True,NBIS,Nebius Group N.V. Class A Ordinary Shares,CS,XNAS,Netherlands,Technology,Computer Software: Programming Data Processing,Software & data,Software & data,273.002014,275.52,252.56,256.63,259.660004,275.25,283.609985,-1.166912,-5.663941,-2.947705,0,0,1,1,False,25.141998,26.942001,1.071593,False,276.152008,249.210007,26.942001,276.162008,299.859985,299.869985,False,,14387274.0,15286300.0,22.96,0.852201,82.273519,0.941187,14387274.0,1.0,intraday_actual_full_session,0.941187,0.924632,intraday_same_time_78x5m,4666726867.322919,18692797.4,4973087070.997766,10.347636,10.989472,260.824004,249.7005,50744093052.840004,50.7B,-8.643338,23.344228,111.183344,217.022854,430.995241,1173,170,66,32,50,0.176966,0.88132,0.953605,0.977239,0.962337,False,False,False,True,1,420,False,,103.115453,84.077139,299.859985,20D,299.859985,16.845258,299.859985,16.845258,299.859985,16.845258,False,False,False,,2,False,3,1.795953,3.363557,19.962412,True,10,9,22.96,17.654984,44.230011,1.073433,17.726481,Leader,65.178396,2,0,275.519989,False,,275.529989,,,,,,,257.75,False,nao verificado,,2026-05-18
2026-06-25,intraday,2026-06-25,2026-06-25,2026-06-25T20:00:00+00:00,True,RZLT,Rezolute Inc. Common Stock (NV),CS,,United States,Health Care,Biotechnology: Pharmaceutical Preparations,Biotech & health,Biotech & health,5.062,5.145,4.895,5.03,5.03,4.89,5.15,-4e-06,2.862993,-5.048548,1,0,2,2,False,0.363,0.35,0.964187,False,5.25,4.9,0.35,5.26,5.26,11.467,False,,1249132.0,2689900.0,0.25,0.714286,46.0,0.464379,1249132.0,1.0,intraday_actual_full_session,0.464379,0.647615,intraday_same_time_78x5m,10439747.179309,2154753.2,10242143.274624,6.901449,7.394207,4.727716,4.299,484350425.0,484.4M,5.010438,52.424242,103.643725,149.009901,21.791768,433,18,77,70,654,0.696629,0.988062,0.945753,0.949339,0.498078,False,True,False,False,1,501,False,,87.6246,83.918191,5.26,20D,5.26,4.572569,11.457,127.773355,11.457,127.773355,False,False,False,,154,False,2,1.129249,4.18091,10.666656,True,11,10,0.25,0.21,0.585,0.967429,54.0,Leader,83.492061,1,0,5.095,True,10:30,5.105,10:30,4.93,4.895,,,,5.08,False,nao verificado,,nasdaq_2026-06-25
2026-06-25,intraday,2026-06-25,2026-06-25,2026-06-25T20:00:01+00:00,True,AIP,"Arteris, Inc. Common Stock",CS,XNAS,United States,Technology,SEMICONDUCTORS & RELATED DEVICES,Semiconductors & AI compute,Semiconductors & AI compute,42.959999,44.052,40.69,43.59,41.029999,41.220001,44.5,6.23934,-0.460947,-7.370784,0,1,1,1,False,2.71255,2.338001,0.86192,False,42.228001,39.889999,2.338001,42.238001,45.299999,45.309999,False,,750092.0,875400.0,3.362,1.43798,13.74182,0.856856,750092.0,1.0,intraday_actual_full_session,0.856856,0.815727,intraday_same_time_78x5m,39535293.951634,1024229.2,43053804.101923,6.761201,7.284256,41.435663,38.9175,1537065280.78,1.5B,3.440911,14.982854,173.120301,176.235741,402.768166,532,272,26,54,59,0.627107,0.809691,0.982156,0.961087,0.955419,False,False,True,False,1,501,False,,107.378276,83.804779,45.299999,20D,45.299999,3.922916,45.299999,3.922916,45.299999,3.922916,False,False,False,,2,False,3,1.703826,3.620236,49.11527,True,10,9,3.362,1.529999,5.260002,0.892615,86.25818,Leader,84.398493,2,0,43.465401,True,12:10,43.475401,12:10,40.689999,42.970001,,,,43.619999,False,nao verificado,,2026-05-18
2026-06-25,intraday,2026-06-25,2026-06-25,2026-06-25T20:00:01+00:00,True,AMAT,Applied Materials Inc,CS,XNAS,United States,Technology,SEMICONDUCTORS & RELATED DEVICES,Semiconductors & AI compute,Semiconductors & AI compute,637.734985,669.22,609.7,668.0,588.969971,585.880005,640.179993,13.418346,0.527406,-8.481988,1,2,1,1,True,27.974493,24.780029,0.885808,False,594.27002,569.48999,24.780029,594.28002,641.179993,641.189993,False,,16034625.0,10726700.0,59.52,2.401934,2.049731,1.494833,16034625.0,1.0,intraday_actual_full_session,1.494833,1.954829,intraday_same_time_78x5m,5821943105.177612,12041442.5,7232634894.804688,4.878954,6.859602,592.715635,537.939499,328213232695.19,328.2B,12.662754,46.848689,87.004843,158.074486,283.709576,142,29,110,67,96,0.900983,0.980337,0.922198,0.951542,0.926979,False,True,False,False,1,501,False,,83.241317,82.889945,641.179993,20D,641.179993,-4.014971,641.179993,-4.014971,641.179993,-4.014971,True,True,True,ATH,2,False,3,2.176458,3.258686,100.0,False,8,8,59.52,18.98999,59.469971,1.250358,97.950269,New Breakout,95.756424,2,0,638.635681,True,12:05,638.645681,12:05,609.700073,636.190002,12:05,609.700073,636.190002,669.219971,True,nao verificado,,2026-05-18
2026-06-25,intraday,2026-06-25,2026-06-25,2026-06-25T20:00:00+00:00,True,VECO,Veeco Instruments Inc,CS,XNAS,United States,Technology,"SPECIAL INDUSTRY MACHINERY, NEC",Semiconductors & AI compute,Semiconductors & AI compute | Energy / oil & gas | China / EM exposure,75.75,76.395,69.72,75.45,71.160004,74.839996,77.459999,6.028662,-4.917147,-3.382394,0,1,0,0,False,5.4035,5.25,0.971593,False,74.610001,69.360001,5.25,74.620001,81.819901,86.639997,False,,1354046.0,1191900.0,6.675,1.271429,14.157303,1.13604,1354046.0,1.0,intraday_actual_full_session,1.13604,0.840675,intraday_same_time_78x5m,119284688.578347,1744004.6,134157337.645853,8.278425,9.138028,73.789236,68.669,3396513440.25,3.4B,-0.435471,20.758643,140.210124,148.435957,266.796305,789,201,37,71,105,0.446629,0.859551,0.974304,0.948605,0.920061,False,False,True,False,1,501,False,,89.066885,82.604202,86.629997,20D,86.629997,14.817756,86.629997,14.817756,86.629997,14.817756,False,False,False,,6,False,7,1.8072,2.976224,43.244959,True,10,9,6.675,3.25,11.169998,0.81552,85.842697,Ready,67.335886,6,0,76.394997,False,,76.404997,,,,,,,75.550003,False,nao verificado,,2026-05-18
2026-06-25,intraday,2026-06-25,2026-06-25,2026-06-25T20:00:01+00:00,True,TTMI,TTM Technologies Inc,CS,XNAS,United States,Technology,PRINTED CIRCUIT BOARDS,Defense & space,Defense & space | Auto & autonomy,217.0,219.8,203.26,210.57,209.740005,213.169998,221.470001,0.395725,-1.609041,-3.747687,0,1,1,1,False,13.95,15.410004,1.10466,False,217.820007,202.410004,15.410004,217.830007,223.830002,223.840002,False,,1605322.0,1747800.0,16.54,1.073329,55.804111,0.918482,1605322.0,1.0,intraday_actual_full_session,0.918482,0.965748,intraday_same_time_78x5m,440591492.043344,2001572.2,414370912.770923,6.434236,7.500051,205.154474,192.079001,16497620372.740002,16.5B,3.882585,6.915461,116.903585,211.355907,478.489011,495,451,55,33,44,0.65309,0.683989,0.961456,0.976505,0.966949,False,False,False,True,1,501,False,,97.656962,82.224678,223.830002,20D,223.830002,6.297194,223.830002,6.297194,223.830002,6.297194,False,False,False,,2,False,3,1.498779,3.129896,49.229146,True,12,11,16.54,7.279999,26.089996,0.898573,44.195889,Leader,77.889015,2,0,219.800003,False,,219.810003,,,,,,,210.884995,False,nao verificado,,2026-05-18
2026-06-25,intraday,2026-06-25,2026-06-25,2026-06-25T20:00:00+00:00,True,WYFI,WhiteFiber Inc. Ordinary Shares,CS,,United States,Finance,Finance: Consumer Services,Finance: Consumer Services,,40.580002,41.48,34.802,36.82,38.709999,44.759998,44.77,-4.882457,-13.516531,-0.022341,0,0,1,1,False,4.22565,8.313,1.967271,False,44.932999,36.619999,8.313,44.942999,46.8699,,False,,2715766.0,4285000.0,6.678,0.80332,69.781372,0.633784,2715766.0,1.0,intraday_actual_full_session,0.633784,0.767685,intraday_same_time_78x5m,77465232.947773,3353096.6,128022790.348386,14.009641,14.523725,36.106255,31.193,1421775433.0,1.4B,9.844869,17.186505,143.357568,144.164456,,213,248,36,78,,0.851124,0.826545,0.975018,0.943465,,False,False,True,False,1,222,True,Historico curto,87.501487,82.167854,46.869999,20D,46.869999,27.294945,,,,,False,False,False,,,False,3,2.46651,4.626344,76.569224,False,6,6,6.678,1.334999,8.313,1.968468,30.218628,Leader,53.300712,2,0,41.4799,False,,41.4899,,,,,,,37.118999,False,nao verificado,,nasdaq_2026-06-25
2026-06-25,intraday,2026-06-25,2026-06-25,2026-06-25T20:00:01+00:00,True,FLEX,Flex Ltd. Ordinary Shares,CS,XNAS,Singapore,Technology,PRINTED CIRCUIT BOARDS,Software & data,Software & data | Auto & autonomy,158.610001,165.89,156.4,161.28,150.720001,151.850006,155.809998,7.006369,-0.744159,-2.541552,0,1,1,0,True,8.839999,6.960007,0.787331,True,153.440002,146.479996,6.960007,153.450002,156.259995,166.870001,False,,8280095.0,6825500.0,9.49,1.363504,48.57745,1.213112,8280095.0,1.0,intraday_actual_full_session,1.213112,1.671986,intraday_same_time_78x5m,1483358716.710869,13777749.5,2056254421.797134,5.758391,6.372673,151.866847,151.111001,47698338160.52,47.7B,12.68078,12.594247,145.143639,148.08491,256.262425,141,309,35,72,109,0.901685,0.783708,0.975732,0.947871,0.916987,False,False,True,False,1,501,False,,87.87291,81.922799,166.860001,20D,166.860001,3.459822,166.860001,3.459822,166.860001,3.459822,False,False,False,,14,False,15,2.144407,2.411,41.968485,True,10,9,9.49,4.160004,16.860001,2.254226,51.42255,Ready,83.963947,10,0,162.095001,True,10:05,162.105001,10:05,156.399994,158.854996,,,,161.830002,False,nao verificado,,2026-05-18
2026-06-25,intraday,2026-06-25,2026-06-25,2026-06-25T20:00:01+00:00,True,TXG,"10x Genomics, Inc. Class A Common Stock",CS,XNAS,United States,Industrials,LABORATORY ANALYTICAL INSTRUMENTS,Semiconductors & AI compute,Semiconductors & AI compute | Software & data | China / EM exposure,34.66,36.88,34.61,35.73,34.599998,31.870001,32.939999,3.265901,8.566042,-3.248324,1,2,1,1,True,2.4263,2.494999,1.028314,False,35.145,32.650002,2.494999,35.155,36.59,36.6,False,,2785133.0,2653300.0,2.27,0.90982,50.660793,1.049686,2785133.0,1.0,intraday_actual_full_session,1.049686,1.000543,intraday_same_time_78x5m,105592094.610532,3373993.3,109627738.658491,6.710048,7.258008,32.817275,31.303,2723210254.05,2.7B,11.204482,45.125914,94.396083,127.434755,238.352273,186,32,96,98,127,0.870084,0.97823,0.932191,0.928781,0.903151,False,True,False,False,1,501,False,,74.917562,81.838812,36.59,20D,36.59,2.406941,36.59,2.406941,36.59,2.406941,True,True,True,ATH,2,False,3,2.151711,3.420371,29.074857,True,9,8,2.27,1.610001,3.880001,0.988431,49.339207,New Breakout,85.492875,2,0,36.880001,False,,36.890001,,,,09:35,34.610001,34.619999,35.884998,False,nao verificado,,2026-05-18
2026-06-25,intraday,2026-06-25,2026-06-25,2026-06-25T20:00:02+00:00,True,BE,Bloom Energy Corporation,CS,XNYS,United States,Energy,ELECTRICAL INDUSTRIAL APPARATUS,Power & electrification,Power & electrification | Energy / oil & gas,346.290009,351.28,297.97,309.18,326.190002,321.980011,345.850006,-5.214753,1.307532,-6.901835,1,0,1,1,True,23.223452,30.48999,1.312897,False,345.5,315.01001,30.48999,345.51,349.98999,349.99999,False,,13046153.0,11015300.0,53.31,1.748443,78.97205,1.184367,13046153.0,1.0,intraday_actual_full_session,1.184367,1.479442,intraday_same_time_78x5m,3246394141.011017,11181205.3,3377499489.108063,8.722335,9.838652,304.677539,286.133001,73588473090.28,73.6B,8.488017,2.242063,85.482033,252.90492,1348.828491,260,583,114,23,5,0.818118,0.591292,0.919343,0.983847,0.996925,False,False,False,True,1,501,False,,99.474983,81.674649,349.98999,20D,349.98999,13.199428,349.98999,13.199428,349.98999,13.199428,True,True,True,ATH,2,False,3,1.856397,3.894258,100.0,False,6,6,53.31,10.970001,38.819992,1.110803,21.02795,New Breakout,69.205648,2,0,351.279999,False,,351.289999,,,,09:30,342.649994,297.970001,309.279999,False,nao verificado,,2026-05-18
2026-06-25,intraday,2026-06-25,2026-06-25,2026-06-25T20:00:01+00:00,True,AMD,Advanced Micro Devices,CS,XNAS,United States,Technology,SEMICONDUCTORS & RELATED DEVICES,Semiconductors & AI compute,Semiconductors & AI compute | Auto & autonomy,544.080017,550.88,507.0,532.57,519.73999,519.849976,551.630005,2.468544,-0.021157,-5.761113,0,1,1,1,False,28.838004,21.460022,0.744158,True,524.960022,503.5,21.460022,524.970022,562.989929,562.99999,False,,26793062.0,26548300.0,43.88,2.044732,41.727438,1.009219,26793062.0,1.0,intraday_actual_full_session,1.009219,1.099134,intraday_same_time_78x5m,15853041626.572948,30432256.2,15927667321.877588,5.879979,7.167536,520.834106,512.2205,686466563012.61,686.5B,3.920153,5.691718,159.448531,154.611082,319.016522,490,484,29,68,83,0.656601,0.660815,0.980014,0.950808,0.936972,False,False,True,False,1,501,False,,92.515755,81.615856,562.98999,20D,562.98999,5.711923,562.98999,5.711923,562.98999,5.711923,False,False,False,,2,False,3,1.558466,2.749911,56.084574,False,11,11,43.88,13.369995,67.769989,0.988689,58.272562,Leader,80.401628,2,0,550.880005,False,,550.890005,,,,,,,532.820007,False,nao verificado,,2026-05-18
2026-06-25,intraday,2026-06-25,2026-06-25,2026-06-25T20:00:01+00:00,True,CRDO,Credo Technology Group Holding Ltd Ordinary Shares,CS,,United States,Technology,Semiconductors,Semiconductors & AI compute,Semiconductors & AI compute,289.959991,290.43,259.0,268.03,268.98999,272.005005,302.519989,-0.356887,-1.108441,-10.086932,0,0,1,1,False,24.498,24.285004,0.991306,False,284.0,259.714996,24.285004,284.01,308.669891,308.680013,False,,8143923.0,6666200.0,31.43,1.294214,71.269488,1.221674,8143923.0,1.0,intraday_actual_full_session,1.221674,1.068665,intraday_same_time_78x5m,2458799147.443864,8905582.3,2365740171.290469,9.564441,10.927829,262.3366,244.68025,49981671001.0,50.0B,7.5001,20.930337,150.284807,90.986176,236.25643,292,199,32,153,129,0.795646,0.860955,0.977873,0.888399,0.901614,False,False,True,False,1,501,False,,73.332418,80.731086,308.670013,20D,308.670013,15.162487,308.670013,15.162487,308.670013,15.162487,False,False,False,,2,False,3,1.911242,2.379664,56.814926,False,10,10,31.43,16.011002,43.149994,0.870718,28.730512,Leader,65.694922,2,0,290.429993,False,,290.439993,,,,,,,268.410004,False,nao verificado,,nasdaq_2026-06-25
2026-06-25,intraday,2026-06-25,2026-06-25,2026-06-25T20:00:00+00:00,True,VICR,Vicor Corp,CS,XNAS,United States,Technology,"ELECTRONIC COMPONENTS, NEC",Power & electrification,Power & electrification | Industrial components,336.820007,345.0,320.0,331.59,322.279999,336.119995,365.529999,2.888793,-4.117576,-8.045852,0,1,1,1,False,24.112996,29.0,1.202671,False,342.0,313.0,29.0,342.01,369.39621,369.409994,False,,486153.0,645800.0,25.0,0.862069,53.64,0.752792,486153.0,1.0,intraday_actual_full_session,0.752792,0.868224,intraday_same_time_77x5m,220723300.932271,677565.3,222949592.52952,7.564418,8.723768,325.631231,316.854501,11350681971.140001,11.4B,1.974352,-0.40847,74.401725,254.831461,649.355932,634,661,138,22,22,0.555478,0.536517,0.902213,0.984581,0.983859,False,False,False,True,1,501,False,,95.540216,80.721115,369.399994,20D,369.399994,11.402634,369.399994,11.402634,369.399994,11.402634,False,False,False,,2,False,3,1.949726,3.125784,39.497808,True,12,11,25.0,16.820007,37.529999,1.154323,46.36,Leader,71.328718,2,0,345.0,False,,345.01,,,,,,,331.640015,False,nao verificado,,2026-05-18
2026-06-25,intraday,2026-06-25,2026-06-25,2026-06-25T20:00:01+00:00,True,ERAS,"Erasca, Inc. Common Stock",CS,XNAS,United States,Health Care,PHARMACEUTICAL PREPARATIONS,Biotech & health,Biotech & health | Energy / oil & gas,15.08,15.37,14.445,14.95,15.05,15.07,15.08,-0.664453,-0.132711,-0.066315,0,0,2,2,False,1.09475,0.690001,0.630281,True,15.34,14.65,0.690001,15.35,15.75,24.290001,False,,5417116.0,4122500.0,0.925,1.340579,45.405405,1.314037,5417116.0,1.0,intraday_actual_full_session,1.314037,1.323758,intraday_same_time_78x5m,77069715.914987,5159021.6,74175662.367704,6.939799,7.302914,14.371768,13.704,3193811246.34,3.2B,6.938484,30.0,-2.031455,324.715909,995.238095,320,93,866,13,8,0.775983,0.935393,0.382584,0.991189,0.99462,False,False,False,True,1,501,False,,103.493462,80.513246,15.75,20D,15.75,5.351171,24.280001,62.408031,24.280001,62.408031,False,False,False,,42,False,2,1.969251,2.50965,34.337426,True,14,13,0.925,0.639999,1.469999,1.153904,54.594595,Leader,80.281191,1,0,15.37,False,,15.38,,,,,,,14.965,False,nao verificado,,2026-05-18
2026-06-25,intraday,2026-06-25,2026-06-25,2026-06-25T20:00:01+00:00,True,MGNX,"MacroGenics, Inc.",CS,XNAS,United States,Health Care,PHARMACEUTICAL PREPARATIONS,Biotech & health,Biotech & health,4.75,5.035,4.565,4.66,4.78,4.69,4.58,-2.510465,1.91898,2.40175,5,0,3,2,False,0.28165,0.52,1.846263,False,5.08,4.56,0.52,5.09,5.08,5.09,False,,1119507.0,1941500.0,0.47,0.903846,79.787234,0.57662,1119507.0,1.0,intraday_actual_full_session,0.57662,0.868532,intraday_same_time_78x5m,3465444.258757,1060880.7,4700210.323877,6.920601,6.928265,4.386697,4.168,276499585.05,276.5M,17.676768,4.250559,60.689655,245.185185,240.145985,70,522,198,26,123,0.951545,0.634129,0.859386,0.981645,0.906226,False,False,False,True,1,501,False,,89.307111,80.39772,5.08,20D,5.08,9.012874,5.08,9.012874,5.77,23.819742,False,False,False,,0,False,1,3.45354,3.933628,69.135852,False,10,10,0.47,0.19,0.595,1.878505,20.212766,Leader,74.719321,0,2,5.035,False,,5.045,,,,,,,4.685,False,nao verificado,,2026-05-18
2026-06-25,intraday,2026-06-25,2026-06-25,2026-06-25T20:00:01+00:00,True,MBX,"MBX Biosciences, Inc. Common Stock",CS,XNAS,United States,Health Care,PHARMACEUTICAL PREPARATIONS,Biotech & health,Biotech & health,48.57,52.5,48.373,50.37,48.400002,46.389999,43.91,4.070245,4.332835,5.647915,7,8,3,3,True,2.9034,3.751999,1.292278,False,49.25,45.498001,3.751999,49.26,49.25,49.26,False,,1231952.0,928700.0,4.127,1.099947,51.61134,1.326534,1231952.0,1.0,intraday_actual_full_session,1.326534,0.959876,intraday_same_time_78x5m,34061477.876622,1229215.2,50434298.189825,7.106199,7.237656,43.110508,36.567,1474571665.28,1.5B,21.110844,58.645669,77.172001,81.513514,398.712871,49,14,132,186,60,0.966292,0.990871,0.906495,0.86417,0.95465,False,True,False,False,1,446,False,,58.375706,80.106227,49.25,20D,49.25,-2.223546,49.25,-2.223546,49.25,-2.223546,True,True,True,ATH,0,False,1,3.218943,6.031917,51.996355,False,8,8,4.127,1.275,6.76,0.956714,48.38866,Chase Breakout,91.399055,0,7,49.919998,True,10:05,49.929998,10:05,48.372501,49.27,09:40,48.372501,48.5,51.610001,True,nao verificado,,2026-05-18
2026-06-25,intraday,2026-06-25,2026-06-25,2026-06-25T20:00:01+00:00,True,AKTS,Aktis Oncology Inc. Common stock,CS,,United States,Health Care,Biotechnology: Pharmaceutical Preparations,Biotech & health,Biotech & health,29.889999,33.528,29.86,31.15,28.700001,27.01,24.790001,8.536582,6.256944,8.955221,6,7,3,3,True,1.74305,2.77,1.589169,False,28.93,26.16,2.77,28.94,28.865,,False,,858737.0,462100.0,3.668,1.324188,64.830971,1.858336,858737.0,1.0,intraday_actual_full_session,1.858336,1.55713,intraday_same_time_77x5m,8055351.073706,518603.7,12935158.237634,6.415822,7.202339,25.352003,21.9775,1721892474.0,1.7B,32.38419,51.360544,73.248053,,,12,22,144,,,0.992275,0.985253,0.89793,,,True,True,False,False,1,115,True,Historico curto,49.213442,79.464173,28.93,20D,28.93,-7.126805,,,,,True,False,False,1M,,False,1,4.523411,6.809987,100.0,False,8,8,3.668,1.120001,3.139999,1.553169,35.169029,Chase Breakout,98.368711,0,3,31.879999,True,10:00,31.889999,10:00,29.860001,29.860001,,,,31.389999,True,nao verificado,,nasdaq_2026-06-25
2026-06-25,intraday,2026-06-25,2026-06-25,2026-06-25T20:00:01+00:00,True,CBRL,Cracker Barrel Old Country Store Inc Common Stock,CS,,United States,Consumer Discretionary,Restaurants,Restaurants,,48.689999,49.46,47.38,48.32,48.380001,46.459999,46.119999,-0.12402,4.132592,0.737208,2,0,2,0,True,2.291,1.870003,0.816239,False,48.580002,46.709999,1.870003,48.590002,48.549999,71.94,False,,723710.0,860600.0,2.08,1.112298,54.807692,0.840937,723710.0,1.0,intraday_actual_full_session,0.840937,0.611354,intraday_same_time_78x5m,71412670.008598,1316191.0,60311814.147102,5.655747,6.802862,45.221309,40.593,1080022547.0,1.1B,10.118505,45.061543,71.896122,85.989222,-19.93372,204,33,147,165,953,0.857444,0.977528,0.895789,0.879589,0.268255,False,True,False,False,1,501,False,,53.58094,78.954405,48.91,20D,48.91,1.221026,71.93,48.861756,71.93,48.861756,True,False,False,1M,231,False,10,1.49674,2.093002,21.030076,True,10,9,2.08,1.099998,5.759998,0.604076,45.192308,New Breakout,77.541104,9,0,49.459999,False,,49.469999,,,,,,,48.369999,False,nao verificado,,nasdaq_2026-06-25
2026-06-25,intraday,2026-06-25,2026-06-25,2026-06-25T20:00:02+00:00,True,WNC,Wabash National Corporation Common Stock,CS,,United States,Industrials,Construction/Ag Equipment/Trucks,Construction/Ag Equipment/Trucks,,13.15,14.023,13.15,13.94,13.1,12.6,12.06,6.412211,3.968254,4.477611,5,6,3,3,True,0.6555,0.99,1.510297,False,13.63,12.64,0.99,13.64,13.63,13.64,False,,973857.0,1800000.0,0.873,0.881818,9.507446,0.541032,973857.0,1.0,intraday_actual_full_session,0.541032,0.970269,intraday_same_time_78x5m,9698459.847865,1292655.7,14533908.579549,6.211879,6.847255,11.468783,9.501,566995100.0,567.0M,29.074074,73.383085,77.35369,42.535787,35.603113,24,8,131,348,575,0.983848,0.995084,0.907209,0.745228,0.558801,True,True,False,False,1,501,False,,50.356165,78.54375,13.63,20D,13.63,-2.223816,13.63,-2.223816,24.030001,72.381641,True,True,False,52W,0,False,1,3.544341,6.016822,54.49612,False,3,3,0.873,0.17,1.46,1.468259,90.492554,Chase Breakout,82.461974,0,5,13.94,True,10:05,13.95,10:05,13.11,13.505,09:35,13.11,13.505,13.945,True,nao verificado,,nasdaq_2026-06-25
2026-06-25,intraday,2026-06-25,2026-06-25,2026-06-25T20:00:01+00:00,True,ALNT,Allient Inc. Common Stock,CS,XNAS,United States,Industrials,INSTRUMENTS FOR MEAS & TESTING OF ELECTRICITY & ELEC SIGNALS,Semiconductors & AI compute,Semiconductors & AI compute | Defense & space | Power & electrification | Optical & networking | Auto & autonomy,100.139999,104.59,100.14,102.26,97.970001,96.029999,98.779999,4.37889,2.020205,-2.783964,1,2,1,1,True,5.5125,6.099998,1.106576,False,101.0,94.900002,6.099998,101.01,101.224998,101.01,False,,297061.0,313100.0,4.45,0.729508,52.359551,0.948774,297061.0,1.0,intraday_actual_full_session,0.948774,1.071842,intraday_same_time_75x5m,26423885.118371,282236.1,27101384.722063,5.340728,5.768209,95.457594,90.078001,1035597476.16,1.0B,9.147188,43.381941,66.628646,87.152269,198.482195,234,37,170,160,151,0.836376,0.974719,0.879372,0.88326,0.884704,False,True,False,False,1,501,False,,51.65293,78.505577,101.0,20D,101.0,-1.232153,101.0,-1.232153,101.0,-1.232153,True,True,True,ATH,0,False,1,2.551465,3.153306,25.858599,True,6,5,4.45,3.169998,8.120003,0.954268,47.640449,Chase Breakout,88.951576,0,1,103.0,True,10:20,103.01,10:20,100.139999,101.089996,09:35,100.139999,100.779999,102.540001,True,nao verificado,,2026-05-18
2026-06-25,intraday,2026-06-25,2026-06-25,2026-06-25T20:00:00+00:00,True,PAYS,Paysign Inc. Common Stock,CS,,United States,Technology,EDP Services,EDP Services,,7.71,7.98,7.59,7.72,7.69,7.44,7.34,0.390116,3.360215,1.362396,2,3,2,0,True,0.4055,0.53,1.307028,False,7.97,7.44,0.53,7.98,7.97,8.89,False,,370602.0,584900.0,0.39,0.735849,66.666667,0.633616,370602.0,1.0,intraday_actual_full_session,0.633616,0.960104,intraday_same_time_74x5m,4002488.105431,467890.2,3398060.73938,4.866765,4.894523,7.355174,7.165,431592568.0,431.6M,5.898491,31.628303,139.751553,44.029851,50.634146,380,82,39,332,500,0.733848,0.943118,0.972877,0.756975,0.616449,False,False,True,False,1,501,False,,57.735213,78.494377,8.04,20D,8.04,4.145077,8.88,15.025908,8.88,15.025908,False,False,False,,230,False,17,2.143667,3.863894,35.897404,True,13,12,0.39,0.25,0.64,0.82635,33.333333,Ready,76.879011,10,0,7.74,True,10:05,7.75,10:05,7.59,7.63,,,,7.73,False,nao verificado,,nasdaq_2026-06-25
2026-06-25,intraday,2026-06-25,2026-06-25,2026-06-25T20:00:00+00:00,True,NWL,Newell Brands Inc. Common Stock,CS,,United States,Industrials,Plastic Products,Plastic Products,,5.54,5.93,5.53,5.89,5.51,5.12,5.03,6.896547,7.617194,1.789258,3,4,1,1,True,0.3075,0.4,1.300813,False,5.53,5.13,0.4,5.54,5.53,6.65,False,,17909374.0,11138200.0,0.4,1.0,10.0,1.607924,17909374.0,1.0,intraday_actual_full_session,1.607924,1.931023,intraday_same_time_78x5m,54055656.760988,11808267.4,60323023.373349,6.29396,6.37885,5.067318,4.408,2502824577.0,2.5B,18.511066,63.611111,66.384181,56.233422,8.671587,65,11,172,265,741,0.955056,0.992978,0.877944,0.806167,0.431207,False,True,False,False,1,501,False,,48.008216,78.460554,5.53,20D,5.53,-6.112051,6.64,12.733444,11.78,99.999995,True,False,False,1M,248,False,1,3.007604,4.444866,68.571491,False,3,3,0.4,0.16,0.51,1.014157,90.0,Chase Breakout,88.244409,0,1,5.76,True,12:55,5.77,12:55,5.53,5.72,,,,5.91,True,nao verificado,,nasdaq_2026-06-25
2026-06-25,intraday,2026-06-25,2026-06-25,2026-06-25T20:00:00+00:00,True,OPTX,"Syntec Optics Holdings, Inc. Class A Common Stock",CS,XNAS,United States,Technology,OPTICAL INSTRUMENTS & LENSES,Defense & space,Defense & space | Optical & networking,10.48,10.7,9.54,9.8,10.33,11.13,11.69,-5.130687,-7.187782,-4.790415,0,0,0,0,False,1.72925,1.177999,0.68122,True,11.238,10.06,1.177999,11.248,13.4,14.93,False,,623471.0,373800.0,1.16,0.98472,77.586207,1.667927,623471.0,1.0,intraday_actual_full_session,1.667927,0.428215,intraday_same_time_78x5m,13348525.877027,1130087.1,13605906.071109,17.021134,17.319968,11.333526,11.871,261026054.3,261.0M,-23.853924,-14.185639,38.613861,580.555556,690.322581,1412,1099,315,2,18,0.009129,0.228933,0.775874,0.999266,0.986933,False,False,False,True,1,501,False,,187.593237,78.334233,14.92,20D,14.92,52.244899,14.92,52.244899,14.92,52.244899,False,False,False,,7,False,8,2.274124,3.169634,12.033201,True,12,11,1.16,0.87,3.28,0.552856,22.413793,Leader,55.00054,7,0,10.7,False,,10.71,,,,,,,9.805,False,nao verificado,,2026-05-18
2026-06-25,intraday,2026-06-25,2026-06-25,2026-06-25T20:00:01+00:00,True,NAVN,Navan Inc. Class A Common Stock,CS,,United States,Technology,Computer Software: Prepackaged Software,Software & data,Software & data,21.99,22.65,21.27,21.59,21.780001,21.280001,21.66,-0.872363,2.349624,-1.754382,1,0,2,0,True,1.54875,1.49,0.962066,False,22.629999,21.139999,1.49,22.639999,22.629999,,False,,3523537.0,4130900.0,1.38,0.926175,76.811594,0.852971,3523537.0,1.0,intraday_actual_full_session,0.852971,0.592504,intraday_same_time_78x5m,111318323.681649,6790563.7,143991724.949968,7.60107,8.610135,21.269092,21.343,5491011947.0,5.5B,2.858504,12.859383,137.513751,67.364341,,573,297,40,224,,0.598315,0.792135,0.972163,0.83627,,False,False,True,False,1,163,True,Historico curto,58.511136,77.936502,24.5,20D,24.5,13.478462,,,,,False,False,False,,,False,9,0.995197,3.308358,24.32439,True,8,7,1.38,0.839998,3.059999,0.872803,23.188406,Ready,66.544208,8,0,22.120001,True,10:05,22.130001,10:05,21.5401,21.27,,,,21.66,False,nao verificado,,nasdaq_2026-06-25
2026-06-25,intraday,2026-06-25,2026-06-25,2026-06-25T20:00:00+00:00,True,STRO,"Sutro Biopharma, Inc.",CS,XNAS,United States,Health Care,"BIOLOGICAL PRODUCTS, (NO DIAGNOSTIC SUBSTANCES)",Biotech & health,Biotech & health | Energy / oil & gas,29.905001,31.98,29.285,29.55,30.030001,29.190001,31.549999,-1.598404,2.877698,-7.480186,1,0,2,1,False,2.6925,2.5,0.928505,False,31.790001,29.290001,2.5,31.800001,32.759998,43.859998,False,,297491.0,377500.0,2.695,1.078,90.166976,0.788056,297491.0,1.0,intraday_actual_full_session,0.788056,1.316157,intraday_same_time_74x5m,7620696.241265,294719.1,8612043.95756,9.094754,9.256708,29.228146,28.1395,571348736.72,571.3M,4.012672,7.925493,39.914773,201.223242,274.003291,487,419,303,38,101,0.658708,0.706461,0.78444,0.972834,0.923136,False,False,False,True,1,501,False,,68.953147,77.870635,32.759998,20D,32.759998,10.862938,43.849998,48.39255,51.700001,74.957701,False,False,False,,26,False,2,1.853505,2.365321,40.747366,True,11,10,2.695,1.549999,4.359999,1.13067,9.833024,Leader,70.427973,1,0,,False,,,,,,,,,31.17,False,nao verificado,,2026-05-18
2026-06-25,intraday,2026-06-25,2026-06-25,2026-06-25T20:00:01+00:00,True,CLPT,ClearPoint Neuro Inc. Common Stock,CS,,United States,Health Care,Medical/Dental Instruments,Medical/Dental Instruments,,18.264999,19.07,17.68,17.96,17.98,18.530001,17.059999,-0.111232,-2.968166,8.616655,0,0,2,2,False,1.2105,1.439999,1.18959,False,19.23,17.790001,1.439999,19.24,19.219999,30.11,False,,628624.0,647400.0,1.39,0.965279,79.856115,0.970998,628624.0,1.0,intraday_actual_full_session,0.970998,0.206238,intraday_same_time_78x5m,16106260.062035,1388322.4,23498663.699062,7.186605,8.586542,16.461035,14.57,538612551.0,538.6M,6.841166,51.945854,95.642702,29.956585,60.787825,325,20,93,430,457,0.772472,0.986657,0.934333,0.685022,0.6495,False,True,False,False,1,501,False,,45.113691,77.294381,19.23,20D,19.23,7.071267,30.1,67.594657,30.1,67.594657,False,False,False,,176,False,1,1.932376,3.994442,41.964281,True,8,7,1.39,0.45,2.690001,1.095937,20.143885,Leader,67.769728,0,2,19.07,False,,19.08,,,,,,,18.0,False,nao verificado,,nasdaq_2026-06-25
2026-06-25,intraday,2026-06-25,2026-06-25,2026-06-25T20:00:02+00:00,True,DOCN,"DigitalOcean Holdings, Inc.",CS,XNYS,United States,Technology,"SERVICES-COMPUTER PROGRAMMING, DATA PROCESSING, ETC.",Software & data,Software & data,150.979996,151.02,142.84,145.34,148.589996,157.179993,166.240005,-2.187224,-5.46507,-5.449959,0,0,0,0,False,14.04875,13.62999,0.970192,False,159.649994,146.020004,13.62999,159.659994,187.5,187.51,False,,2283602.0,3044400.0,8.18,0.600147,69.437653,0.750099,2283602.0,1.0,intraday_actual_full_session,0.750099,0.949232,intraday_same_time_78x5m,496191483.407443,2819430.2,470288119.8375,9.765181,10.138935,161.817872,167.831999,15386411204.83,15.4B,-18.261065,-9.569438,70.287053,227.047705,420.745253,1386,964,154,30,53,0.027388,0.323736,0.890792,0.978708,0.960031,False,False,False,True,1,501,False,,81.853751,77.170859,187.5,20D,187.5,29.007844,187.5,29.007844,187.5,29.007844,False,False,False,,4,False,5,2.710383,3.030688,0.0,True,10,9,8.18,8.900009,23.580002,1.074081,30.562347,Leader,56.302515,4,0,151.020004,False,,151.030004,,,,,,,146.139999,False,nao verificado,,2026-05-18
2026-06-25,intraday,2026-06-25,2026-06-25,2026-06-25T20:00:01+00:00,True,PSNL,Personalis Inc. Common Stock,CS,,United States,Health Care,Medical Specialities,Medical Specialities,,11.9,12.87,11.645,12.59,11.36,10.06,10.17,10.827468,12.922457,-1.081609,1,2,2,0,True,1.00365,1.179999,1.175708,False,11.44,10.26,1.179999,11.45,11.44,12.54,False,,4941256.0,5960000.0,1.225,1.038136,22.857143,0.82907,4941256.0,1.0,intraday_actual_full_session,0.82907,1.77524,intraday_same_time_78x5m,36661265.470201,3328055.6,35117625.091899,7.604107,8.040962,10.681216,10.5385,1318438624.0,1.3B,29.128205,40.82774,75.104312,57.769424,102.086677,23,42,137,255,328,0.984551,0.971208,0.902926,0.81351,0.748655,True,True,False,False,1,501,False,,43.83247,77.1513,12.53,20D,12.53,-0.476571,12.53,-0.476571,12.53,-0.476571,True,True,True,ATH,13,True,14,3.180696,3.68447,48.928587,True,13,12,1.225,0.54,1.94,1.119807,77.142857,Breakout Baseline,81.005636,10,0,12.44,True,10:20,12.45,10:20,11.78,11.98,10:20,11.78,11.98,12.74,True,nao verificado,,nasdaq_2026-06-25
2026-06-25,intraday,2026-06-25,2026-06-25,2026-06-25T20:00:01+00:00,True,FCEL,FuelCell Energy Inc  NEW (DE),CS,XNAS,United States,Energy,ELECTRICAL INDUSTRIAL APPARATUS,Power & electrification,Power & electrification,22.329201,22.6,18.4,19.65,21.559999,21.82,24.389999,-8.858996,-1.191568,-10.537104,0,0,1,0,False,3.159,4.93,1.560621,False,25.200001,20.27,4.93,25.210001,26.24,27.700001,False,,11261607.0,25235400.0,4.2,0.851927,70.238095,0.446262,11261607.0,1.0,intraday_actual_full_session,0.446262,1.004226,intraday_same_time_78x5m,227926105.180255,11766870.7,245260865.668509,16.713886,17.462704,20.72848,20.256,939827342.84,939.8M,-1.946108,-19.467213,191.111111,131.995277,233.050847,868,1228,20,92,131,0.391152,0.138343,0.986438,0.933186,0.900077,False,False,True,False,1,501,False,,87.145036,76.920621,26.24,20D,26.24,33.536895,27.690001,40.916033,27.690001,40.916033,False,False,False,,20,False,3,2.284738,2.998757,75.443774,False,9,9,4.2,1.65,5.030001,1.248263,29.761905,Leader,56.152372,10,0,22.360001,False,,22.370001,,,,,,,19.76,False,nao verificado,,2026-05-18
2026-06-25,intraday,2026-06-25,2026-06-25,2026-06-25T20:00:02+00:00,True,BHVN,Biohaven Ltd. Common Shares,CS,,United States,Health Care,Biotechnology: Pharmaceutical Preparations,Biotech & health,Biotech & health,14.9,15.74,14.781,15.34,14.96,14.78,15.5,2.540107,1.217864,-4.645163,1,2,2,2,False,1.00385,0.73,0.7272,True,15.23,14.5,0.73,15.24,15.8,18.576,False,,6056036.0,2258200.0,0.959,1.313699,41.710115,2.681798,6056036.0,1.0,intraday_actual_full_session,2.681798,1.75372,intraday_same_time_78x5m,47741080.613457,4360963.6,59517724.458076,6.262246,6.967685,13.776688,12.1875,2308769557.0,2.3B,12.628488,52.333664,71.205357,39.075249,5.357143,144,19,151,367,770,0.899579,0.98736,0.892934,0.731278,0.408916,False,True,False,False,1,501,False,,40.136735,76.874609,15.8,20D,15.8,2.998697,18.566,21.029987,55.700001,263.103004,False,False,False,,248,False,2,2.507385,4.537618,44.260864,True,9,8,0.959,0.45,1.6,1.203244,58.289885,Leader,81.626719,1,0,15.35,True,10:15,15.36,10:15,14.7812,15.065,,,,15.59,False,nao verificado,,nasdaq_2026-06-25
2026-06-25,intraday,2026-06-25,2026-06-25,2026-06-25T20:00:01+00:00,True,AAOI,"Applied Optoelectronics, Inc.",CS,XNAS,United States,Technology,SEMICONDUCTORS & RELATED DEVICES,Semiconductors & AI compute,Semiconductors & AI compute | Optical & networking | China / EM exposure,151.199997,152.4,134.31,138.54,146.970001,147.440002,171.229996,-5.735865,-0.318775,-13.89359,0,0,0,0,False,22.79315,12.639999,0.554553,True,150.339996,137.699997,12.639999,150.349996,177.589996,233.679998,False,,13148939.0,10609900.0,18.09,1.431171,76.616915,1.239308,13148939.0,1.0,intraday_actual_full_session,1.239308,1.097766,intraday_same_time_78x5m,2483386904.333132,13347643.9,2193491662.791936,15.229485,16.383098,159.868187,172.582001,13902861810.42,13.9B,-17.21047,-22.002027,35.930141,378.383978,725.625745,1371,1285,335,11,16,0.037921,0.098315,0.761599,0.992658,0.98847,False,False,False,True,1,501,False,,116.702675,76.774365,209.639999,20D,209.639999,51.320918,233.669998,68.666088,233.669998,68.666088,False,False,False,,28,False,14,1.887903,2.739993,18.007431,True,12,11,18.09,11.800003,46.730011,0.954933,23.383085,Leader,56.064619,10,0,152.399994,False,,152.409994,,,,,,,140.559998,False,nao verificado,,2026-05-18
2026-06-25,intraday,2026-06-25,2026-06-25,2026-06-25T20:00:02+00:00,True,HNGE,Hinge Health Inc. Class A Common Stock,CS,,United States,Technology,EDP Services,EDP Services,,70.889999,75.14,69.4,75.14,70.559998,70.379997,68.849998,6.490933,0.255755,2.22222,2,3,2,2,True,3.485201,2.190002,0.628372,True,72.389999,70.199997,2.190002,72.399999,72.389999,72.399999,False,,2499021.0,1913100.0,5.74,2.621002,0.0,1.306268,2499021.0,1.0,intraday_actual_full_session,1.306268,1.852934,intraday_same_time_78x5m,133693722.517471,2022792.1,139492187.080498,4.742007,4.806649,68.907966,64.557999,5814342893.0,5.8B,12.082339,41.827105,68.815996,55.215864,97.736842,158,39,159,274,342,0.889747,0.973315,0.887223,0.799559,0.737894,False,True,False,False,1,274,False,,41.218299,76.755133,72.389999,20D,72.389999,-3.659836,72.389999,-3.659836,72.389999,-3.659836,True,True,True,ATH,0,False,1,2.541728,3.77383,89.811229,False,10,10,5.74,2.169998,6.145004,1.051523,100.0,Chase Breakout,87.542833,0,1,71.369904,True,10:00,71.379904,10:00,69.400002,70.894997,10:35,69.400002,71.235001,75.110001,True,nao verificado,,nasdaq_2026-06-25
2026-06-25,intraday,2026-06-25,2026-06-25,2026-06-25T20:00:01+00:00,True,ARQQ,Arqit Quantum Inc. Ordinary Shares,CS,,United Kingdom,Technology,Computer Software: Prepackaged Software,Quantum computing,Quantum computing | Software & data,26.408701,29.15,25.052,27.32,28.639999,29.040001,21.42,-4.608937,-1.377416,35.574233,0,0,1,1,False,2.6609,4.780001,1.796385,False,29.290001,24.51,4.780001,29.300001,29.889999,62.01,False,,893840.0,1709700.0,4.098,0.857322,44.65593,0.522805,893840.0,1.0,intraday_actual_full_session,0.522805,0.374844,intraday_same_time_78x5m,30539175.874445,2203374.0,51358286.329435,12.513491,12.810761,23.055491,18.23,658154782.0,658.2M,20.884956,64.677517,96.971882,10.47311,-11.927789,52,10,90,592,883,0.964185,0.99368,0.936474,0.566079,0.32206,False,True,False,False,1,501,False,,43.306147,76.514813,29.889999,20D,29.889999,9.407026,62.0,126.939971,62.0,126.939971,False,False,False,,177,False,2,2.742935,4.891568,40.872819,True,8,7,4.098,0.82,8.84,1.813788,55.34407,Leader,65.798349,1,0,27.73,True,10:10,27.74,10:10,25.052401,26.43,,,,27.455,False,nao verificado,,nasdaq_2026-06-25
2026-06-25,intraday,2026-06-25,2026-06-25,2026-06-25T20:00:01+00:00,True,CORT,Corcept Therapeutics Incorporated Common Stock,CS,,United States,Health Care,Biotechnology: Pharmaceutical Preparations,Biotech & health,Biotech & health,81.860001,87.4,80.12,84.75,81.559998,79.849998,79.709999,3.911234,2.141514,0.175636,2,3,0,0,True,3.353,1.870003,0.55771,True,81.889999,80.019997,1.870003,81.899999,85.400002,91.01,False,,1101068.0,754000.0,7.28,3.893042,36.401099,1.460302,1101068.0,1.0,intraday_actual_full_session,1.460302,1.443922,intraday_same_time_78x5m,77250394.73165,1003376.8,82177695.956601,4.561315,4.632111,80.680639,77.4565,9098047592.0,9.1B,3.669725,40.407555,148.679577,4.474852,17.954071,510,45,33,635,686,0.642556,0.969101,0.977159,0.534508,0.473482,False,False,True,False,1,501,False,,50.452639,76.357163,85.400002,20D,85.400002,0.766963,91.0,7.374631,117.330002,38.44248,True,False,False,1M,248,False,5,2.552403,2.552403,100.0,False,5,5,7.28,1.870003,5.669998,1.116013,63.598901,New Breakout,84.663853,4,0,84.035004,True,10:00,84.045004,10:00,80.120003,83.945,,,,85.919998,True,nao verificado,,nasdaq_2026-06-25
2026-06-25,intraday,2026-06-25,2026-06-25,2026-06-25T20:03:45+00:00,True,WOLF,"Wolfspeed, Inc.",CS,XNYS,United States,Technology,SEMICONDUCTORS & RELATED DEVICES,Semiconductors & AI compute,Semiconductors & AI compute | Power & electrification | Auto & autonomy,49.435001,49.44,43.3,47.79,45.869999,48.91,52.970001,4.185745,-6.2155,-7.664718,0,1,1,0,False,8.5054,4.950001,0.581983,True,48.560001,43.610001,4.950001,48.570001,60.25,73.75,False,,4060408.0,4681400.0,6.14,1.240404,26.872964,0.867349,4060408.0,1.0,intraday_actual_full_session,0.867349,0.652655,intraday_same_time_78x5m,391217846.583003,6505080.8,319158470.141905,15.260215,16.583116,49.663124,52.708,2868924457.35,2.9B,-1.848429,-34.979592,180.128957,167.731092,3723.2,864,1400,22,62,2,0.393961,0.017556,0.985011,0.955213,0.999231,False,False,True,False,1,327,False,,90.225463,76.329527,74.032997,20D,74.032997,54.913156,73.74,54.300063,73.74,54.300063,False,False,False,,,False,20,2.138782,2.55392,19.24884,True,12,11,6.14,4.294998,13.880001,0.828543,73.127036,Leader,55.797716,10,0,49.439999,False,,49.449999,,,,,,,47.900002,False,nao verificado,,2026-05-18
2026-06-25,intraday,2026-06-25,2026-06-25,2026-06-25T20:00:00+00:00,True,HYLN,Hyliion Holdings Corp.,CS,XASE,United States,Consumer Discretionary,TRUCK & BUS BODIES,Power & electrification,Power & electrification | Auto & autonomy,4.915,5.065,4.37,4.86,4.92,6.1,7.37,-1.219514,-19.34426,-17.232022,0,0,0,0,False,0.98165,1.27,1.29374,False,6.02,4.75,1.27,6.03,8.49,8.5,False,,5522079.0,9505500.0,0.695,0.547244,29.496403,0.580935,5522079.0,1.0,intraday_actual_full_session,0.580935,0.94124,intraday_same_time_78x5m,44044702.354249,6178057.9,41534108.316448,19.845679,20.360081,6.381511,6.872,748974408.0,749.0M,-36.553525,-26.363636,155.789474,167.032967,242.253521,1424,1341,30,63,118,0.000702,0.058989,0.9793,0.954479,0.910069,False,False,True,False,1,501,False,,84.751579,75.816747,8.49,20D,8.49,74.691353,8.49,74.691353,8.49,74.691353,False,False,False,,3,False,4,4.163719,4.163719,5.347548,True,11,10,0.695,0.645,1.58,1.060459,70.503597,Leader,55.490048,3,0,5.065,False,,5.075,,,,,,,4.86,False,nao verificado,,2026-05-18
2026-06-25,intraday,2026-06-25,2026-06-25,2026-06-25T20:00:03+00:00,True,HPP,Hudson Pacific Properties Inc. Common Stock,CS,,United States,Finance,Real Estate,Real Estate,,14.6,14.698,13.82,14.3,14.38,14.4,14.54,-0.556329,-0.138885,-0.962863,0,0,0,0,False,0.807,0.86,1.065675,False,14.78,13.92,0.86,14.79,14.86,21.710001,False,,530572.0,768400.0,0.878,1.020931,45.330296,0.690489,530572.0,1.0,intraday_actual_full_session,0.690489,0.731061,intraday_same_time_78x5m,16471188.356941,855357.2,12487051.854903,5.733017,6.037712,14.370284,14.092,775660943.0,775.7M,6.636838,22.641509,135.973597,23.916811,-25.983437,331,183,41,486,1007,0.768258,0.872191,0.971449,0.643906,0.226749,False,False,True,False,1,501,False,,46.77595,75.789015,15.69,20D,15.69,9.720277,21.700001,51.748257,44.029999,207.902089,False,False,False,,248,False,10,1.20455,2.687073,50.297077,False,11,11,0.878,0.37,1.379999,0.778131,54.669704,Ready,62.892994,9,0,14.79,False,,14.8,,,,,,,14.46,False,nao verificado,,nasdaq_2026-06-25
2026-06-25,intraday,2026-06-25,2026-06-25,2026-06-25T20:00:03+00:00,True,CTEV,Claritev Corporation Class A Common Stock,CS,,United States,Consumer Discretionary,Business Services,Business Services,,30.450001,34.92,30.33,34.72,30.49,30.059999,28.440001,13.873402,1.430473,5.696199,2,3,0,0,True,2.5321,2.254999,0.890565,False,32.154999,29.9,2.254999,32.164999,32.740002,74.08,False,,90990.0,154100.0,4.59,2.035477,4.357298,0.590461,90990.0,1.0,intraday_actual_full_session,0.590461,1.194572,intraday_same_time_52x5m,3155076.689081,117329.0,3585773.472424,7.27267,7.361133,30.451342,28.8465,591899234.0,591.9M,16.705882,59.558824,126.336375,-9.46545,-13.696247,81,13,49,795,898,0.94382,0.991573,0.965739,0.417034,0.31053,False,True,False,False,1,501,False,,44.741894,75.547856,33.620998,20D,33.620998,-3.165327,74.07,113.335253,74.07,113.335253,True,False,False,1M,199,False,8,2.742796,2.742796,100.0,False,11,11,4.59,1.59,3.290001,1.231208,95.642702,New Breakout,82.076704,7,0,,False,,,,,,,,,34.919998,True,nao verificado,,nasdaq_2026-06-25
2026-06-25,intraday,2026-06-25,2026-06-25,2026-06-25T20:00:01+00:00,True,QUIK,QuickLogic Corp,CS,XNAS,United States,Technology,SEMICONDUCTORS & RELATED DEVICES,Semiconductors & AI compute,Semiconductors & AI compute | Defense & space,18.57,18.663,17.15,18.41,17.73,19.940001,21.940001,3.83531,-11.083254,-9.11577,0,1,0,0,False,1.908,2.99,1.567086,False,20.17,17.18,2.99,20.18,22.5,24.34,False,,448076.0,507400.0,1.513,0.50602,16.721745,0.883082,448076.0,1.0,intraday_actual_full_session,0.883082,0.920063,intraday_same_time_77x5m,9593472.067146,414797.6,8508445.825652,10.469156,11.070537,20.103858,20.918,327185040.0,327.2M,-11.744966,-19.076923,94.198312,203.79538,212.033898,1273,1216,97,36,143,0.106742,0.14677,0.931478,0.974302,0.890853,False,False,False,True,1,501,False,,78.904234,75.505283,24.33,20D,24.33,32.156436,24.33,32.156436,24.33,32.156436,False,False,False,,13,False,14,2.625012,2.732956,22.737235,True,11,10,1.513,0.889999,3.630001,1.071484,83.278255,Leader,55.30317,10,0,18.6632,False,,18.6732,,,,,,,18.41,False,nao verificado,,2026-05-18
2026-06-25,intraday,2026-06-25,2026-06-25,2026-06-25T20:00:01+00:00,True,AXTI,AXT Inc,CS,XNAS,United States,Technology,SEMICONDUCTORS & RELATED DEVICES,Semiconductors & AI compute,Semiconductors & AI compute | China / EM exposure,73.574997,73.575,64.0,69.06,70.139999,77.910004,92.440002,-1.539777,-9.973051,-15.718302,0,0,0,0,False,14.000499,10.970001,0.783544,True,77.980003,67.010002,10.970001,77.990003,98.480003,143.170004,False,,9003761.0,13915100.0,9.575,0.872835,47.154047,0.64705,9003761.0,1.0,intraday_actual_full_session,0.64705,0.943284,intraday_same_time_78x5m,908798156.010609,10990086.1,959076077.892267,18.540296,20.04313,83.982523,93.5475,6927006721.92,6.9B,-25.024427,-47.918552,18.88449,431.230769,3441.538462,1416,1417,530,7,3,0.00632,0.005618,0.622413,0.995595,0.998463,False,False,False,True,1,501,False,,119.997547,74.998639,133.539993,20D,133.539993,93.368076,143.160004,107.298007,143.160004,107.298007,False,False,False,,20,False,20,2.457775,3.810925,17.753892,True,12,11,9.575,7.18,20.669998,1.22567,52.845953,Leader,54.999184,10,0,73.574997,False,,73.584997,,,,,,,69.400002,False,nao verificado,,2026-05-18
2026-06-25,intraday,2026-06-25,2026-06-25,2026-06-25T20:00:01+00:00,True,INNV,InnovAge Holding Corp. Common Stock,CS,,United States,Health Care,Medical/Nursing Services,Medical/Nursing Services,,9.67,10.37,9.56,10.35,9.67,9.32,9.21,7.032057,3.755369,1.19435,3,4,2,2,True,0.42205,0.575001,1.3624,False,9.895,9.32,0.575001,9.905,9.895,10.7,False,,353308.0,420500.0,0.81,1.408694,2.469136,0.840209,353308.0,1.0,intraday_actual_full_session,0.840209,1.20212,intraday_same_time_75x5m,3233424.177096,415250.8,3856671.562824,5.11111,5.131814,9.249276,8.3975,1404871668.0,1.4B,13.114754,40.816327,23.803828,86.486486,176.737968,133,43,463,163,174,0.907303,0.970506,0.670236,0.881057,0.867025,False,True,False,False,1,501,False,,36.300858,74.984492,9.895,20D,9.895,-4.396131,10.69,3.28502,10.69,3.28502,True,False,False,1M,77,False,1,2.824099,3.90667,81.528669,False,8,8,0.81,0.17,0.955,1.247896,97.530864,Chase Breakout,83.584892,0,2,9.77,True,10:15,9.78,10:15,9.56,9.735,,,,10.37,True,nao verificado,,nasdaq_2026-06-25
2026-06-25,intraday,2026-06-25,2026-06-25,2026-06-25T20:00:00+00:00,True,NEO,NeoGenomics Inc. Common Stock,CS,,United States,Health Care,Precision Instruments,Precision Instruments,,12.9,13.88,12.9,13.73,12.9,11.47,11.2,6.434112,12.4673,2.410718,4,5,2,1,True,0.644,1.36,2.111801,False,12.99,11.63,1.36,13.0,12.99,13.75,False,,4309385.0,6051100.0,0.98,0.720588,15.306122,0.712166,4309385.0,1.0,intraday_actual_full_session,0.712166,1.095811,intraday_same_time_78x5m,35496243.177165,4725098.5,53636879.052427,4.833003,5.08792,11.778672,11.115,1787807739.0,1.8B,32.273603,48.11219,67.848411,17.652099,96.423462,13,27,164,537,346,0.991573,0.981742,0.883655,0.606461,0.734819,True,True,False,False,1,501,False,,30.469544,74.490802,12.99,20D,12.99,-5.389659,13.74,0.072832,19.110001,39.184272,True,True,False,52W,248,True,1,4.723927,5.482618,61.000011,False,11,11,0.98,0.37,1.37,1.497779,84.693878,Breakout Baseline,84.77897,0,1,13.56,True,10:20,13.57,10:20,12.9,13.39,12:40,12.9,13.6,13.795,True,nao verificado,,nasdaq_2026-06-25
2026-06-25,intraday,2026-06-25,2026-06-25,2026-06-25T20:00:01+00:00,True,KYMR,Kymera Therapeutics Inc. Common Stock,CS,,United States,Health Care,Biotechnology: Biological Products (No Diagnostic Substances),Biotech & health,Biotech & health,110.0,130.05,106.17,116.46,99.870003,98.25,99.449997,16.611592,1.648858,-1.206633,1,2,1,1,True,4.341,3.675003,0.84658,False,101.535004,97.860001,3.675003,101.545004,105.0,105.01,False,,3856806.0,1302300.0,23.88,6.497954,56.909548,2.961534,3856806.0,1.0,intraday_actual_full_session,2.961534,2.543065,intraday_same_time_78x5m,94446196.822918,1414600.6,141632051.922203,5.30225,5.780097,95.783334,85.01175,9579718698.0,9.6B,29.543938,44.187198,46.361694,38.329968,151.262136,21,35,263,375,210,0.985955,0.976124,0.812991,0.725404,0.839354,True,True,False,False,1,501,False,,28.891598,74.435706,105.0,20D,105.0,-9.840289,105.0,-9.840289,105.0,-9.840289,True,True,True,ATH,2,False,3,6.071455,7.762758,100.0,False,10,10,23.88,2.004997,13.259003,2.095869,43.090452,New Breakout,99.421856,2,0,130.050003,False,,130.060003,,,,09:30,109.315002,109.315002,116.470001,True,nao verificado,,nasdaq_2026-06-25
2026-06-25,intraday,2026-06-25,2026-06-25,2026-06-25T20:00:03+00:00,True,EPC,Edgewell Personal Care Company Common Stock,CS,,United States,Consumer Discretionary,Package Goods/Cosmetics,Package Goods/Cosmetics,,26.440001,26.73,25.15,25.49,26.58,26.219999,22.719999,-4.100827,1.373,15.40493,2,0,1,1,True,1.0945,0.85,0.77661,True,26.700001,25.85,0.85,26.710001,26.700001,27.25,False,,980992.0,1512900.0,1.58,1.858823,78.481013,0.648418,980992.0,1.0,intraday_actual_full_session,0.648418,0.667196,intraday_same_time_78x5m,24475392.127685,1367479.2,33012670.859545,4.917896,5.506363,23.818386,21.455,1174613000.0,1.2B,12.987589,45.490868,29.588205,43.524775,11.847301,134,31,394,335,722,0.906601,0.978933,0.719486,0.754772,0.445811,False,True,False,False,1,501,False,,25.466594,73.708551,26.700001,20D,26.700001,4.746963,27.24,6.865437,41.5,62.808945,True,False,False,1M,248,False,2,3.605088,3.975571,64.117632,False,6,6,1.58,0.49,2.190001,1.69796,21.518987,New Breakout,69.104687,1,0,26.440001,True,10:00,26.450001,10:00,26.129999,25.15,,,,25.85,False,nao verificado,,nasdaq_2026-06-25
2026-06-25,intraday,2026-06-25,2026-06-25,2026-06-25T20:00:01+00:00,True,ADPT,Adaptive Biotechnologies Corporation Common Stock,CS,,United States,Health Care,Biotechnology: Biological Products (No Diagnostic Substances),Biotech & health,Biotech & health,19.530001,20.64,19.53,20.25,19.34,17.23,17.370001,4.705273,12.246086,-0.805995,1,2,1,1,True,1.25165,2.205,1.761675,False,19.74,17.535,2.205,19.75,19.74,20.77,False,,3959044.0,5523600.0,1.11,0.503401,35.135135,0.716751,3959044.0,1.0,intraday_actual_full_session,0.716751,0.856823,intraday_same_time_78x5m,63055350.218588,4954784.4,88255916.297266,6.771428,7.023633,18.043834,17.116,3240898938.0,3.2B,20.67938,43.312102,50.0,27.118644,99.704142,53,38,239,457,338,0.963483,0.974017,0.830121,0.665198,0.740968,False,True,False,False,1,501,False,,26.07556,73.682785,19.74,20D,19.74,-2.51852,20.76,2.51852,20.76,2.51852,True,False,False,1M,143,False,1,2.55926,3.332664,28.020542,True,9,8,1.11,0.565001,2.51,0.988796,64.864865,Chase Breakout,87.98745,0,1,20.639999,False,,20.649999,,,,,,,20.32,True,nao verificado,,nasdaq_2026-06-25
2026-06-25,intraday,2026-06-25,2026-06-25,2026-06-25T20:00:00+00:00,True,TDUP,ThredUp Inc. Class A Common Stock,CS,,United States,Consumer Discretionary,Catalog/Specialty Distribution,Catalog/Specialty Distribution,,6.62,6.765,6.44,6.65,6.54,6.21,5.91,1.681958,5.314008,5.076145,2,3,2,2,True,0.3285,0.425,1.29376,False,6.635,6.21,0.425,6.645,6.63,12.29,False,,1484499.0,1646500.0,0.325,0.764706,35.384615,0.901609,1484499.0,1.0,intraday_actual_full_session,0.901609,0.929833,intraday_same_time_78x5m,10340571.713766,1918389.9,11003158.32946,5.281418,5.549946,5.861596,5.227,858121626.0,858.1M,24.765478,52.522936,98.507463,-13.636364,-16.978777,33,17,88,859,931,0.977528,0.988764,0.937901,0.370044,0.285165,True,True,False,False,1,501,False,,31.729989,73.473294,6.635,20D,6.635,-0.22556,12.28,84.66165,12.28,84.66165,True,False,False,1M,208,False,1,3.617186,5.622218,27.722777,True,10,9,0.325,0.185,0.69,1.051054,64.615385,Chase Breakout,76.422317,0,1,6.63,True,10:10,6.64,10:10,6.505,6.44,,,,6.675,True,nao verificado,,nasdaq_2026-06-25
2026-06-25,intraday,2026-06-25,2026-06-25,2026-06-25T20:00:00+00:00,True,IBRX,ImmunityBio Inc. Common Stock,CS,,United States,Health Care,Biotechnology: Biological Products (No Diagnostic Substances),Biotech & health,Biotech & health,7.72,7.895,7.51,7.79,7.8,7.32,7.22,-0.128208,6.557377,1.385047,2,0,3,0,False,0.42755,0.705,1.64893,False,7.965,7.26,0.705,7.975,7.965,12.44,False,,9349376.0,16529700.0,0.385,0.546099,27.272727,0.565611,9349376.0,1.0,intraday_actual_full_session,0.565611,0.931532,intraday_same_time_78x5m,87694339.060206,11299837.6,82251367.936733,5.743627,5.826151,7.386872,7.2565,8158887481.0,8.2B,11.444921,-1.641414,-11.678005,260.648148,174.295775,181,699,1058,18,176,0.873596,0.509831,0.245539,0.987518,0.865488,False,False,False,True,1,501,False,,68.374887,72.466554,8.295,20D,8.295,6.482671,12.43,59.563547,12.43,59.563547,False,False,False,,82,False,20,2.12622,2.820271,25.581383,True,10,9,0.385,0.275,0.705,1.018884,72.727273,Ready,73.755926,10,0,7.8399,True,10:10,7.8499,10:10,7.564,7.51,,,,7.81,False,nao verificado,,nasdaq_2026-06-25
2026-06-25,intraday,2026-06-25,2026-06-25,2026-06-25T20:00:01+00:00,True,ATOM,Atomera Incorporated Common Stock,CS,XNAS,United States,Technology,SEMICONDUCTORS & RELATED DEVICES,Semiconductors & AI compute,Semiconductors & AI compute,7.7,7.73,6.93,7.31,7.41,7.53,8.26,-1.349526,-1.59363,-8.837772,0,0,0,0,False,0.99,0.51,0.515152,True,7.67,7.16,0.51,7.68,9.2198,12.375,False,,660665.0,750400.0,0.8,1.568627,52.5,0.880417,660665.0,1.0,intraday_actual_full_session,0.880417,0.828758,intraday_same_time_77x5m,10135576.06383,945166.5,8007956.578239,12.805354,13.074066,8.124077,8.7625,309921580.0,309.9M,-10.526316,-39.636664,67.66055,199.590164,44.466403,1233,1407,168,39,526,0.134831,0.01264,0.880799,0.9721,0.596464,False,False,False,True,1,501,False,,61.803328,72.137657,12.35,20D,12.35,68.946654,12.365,69.151844,17.549999,140.082069,False,False,False,,20,False,20,2.396114,3.023916,21.969685,True,14,13,0.8,0.51,1.83,0.742905,47.5,Leader,53.282594,10,0,7.715,False,,7.725,,,,,,,7.325,False,nao verificado,,2026-05-18
2026-06-25,intraday,2026-06-25,2026-06-25,2026-06-25T20:00:00+00:00,True,ICLR,ICON plc Ordinary Shares,CS,,Ireland,Health Care,Biotechnology: Commercial Physical & Biological Resarch,Biotech & health,Biotech & health,161.919998,168.63,160.47,160.96,158.169998,142.669998,140.729996,1.763926,10.864232,1.378528,2,3,1,1,True,8.021,14.289993,1.781573,False,162.0,147.710007,14.289993,162.01,161.919907,211.01,False,,2183643.0,2406500.0,8.16,0.571029,93.995098,0.907394,2183643.0,1.0,intraday_actual_full_session,0.907394,2.078965,intraday_same_time_78x5m,190881167.248859,1072564.3,162089096.087379,4.391508,4.717233,149.04069,146.12,12324276632.0,12.3B,12.347316,41.379007,64.161142,-11.778569,13.463979,152,40,182,832,712,0.893961,0.972612,0.870807,0.389868,0.453497,False,True,False,False,1,501,False,,17.185838,70.76353,162.0,20D,162.0,0.646123,211.0,31.088469,347.720001,116.028828,True,False,False,1M,248,False,1,3.923425,3.923425,41.000937,True,13,12,8.16,3.900009,14.289993,1.085963,6.004902,Chase Breakout,81.488933,0,1,168.630005,False,,168.640005,,,,,,,162.929993,True,nao verificado,,nasdaq_2026-06-25
2026-06-25,intraday,2026-06-25,2026-06-25,2026-06-25T20:00:02+00:00,True,XPOF,Xponential Fitness Inc. Class A Common Stock,CS,,United States,Consumer Discretionary,Services-Misc. Amusement & Recreation,Services-Misc. Amusement & Recreation,,7.1,7.15,6.91,6.99,7.03,6.82,6.61,-0.568993,3.079179,3.177005,2,0,1,1,True,0.34985,0.37,1.057596,False,7.12,6.75,0.37,7.13,7.12,11.15,False,,429898.0,650000.0,0.24,0.648649,66.666667,0.661382,429898.0,1.0,intraday_actual_full_session,0.661382,0.852706,intraday_same_time_78x5m,3319831.040712,572309.8,3866778.924561,5.149192,5.220722,6.663318,6.1865,343733250.0,343.7M,2.945508,52.954048,23.280423,-4.115226,-15.884477,567,16,470,721,919,0.602528,0.989466,0.665239,0.471366,0.294389,False,True,False,False,1,501,False,,9.971726,69.907081,7.12,20D,7.12,1.859798,11.14,59.370534,18.950001,171.101585,True,False,False,1M,248,False,1,2.055197,3.192406,11.931839,True,11,10,0.24,0.198,0.55,1.24605,33.333333,Chase Breakout,71.154552,0,1,7.15,False,,7.16,,,,,,,7.03,False,nao verificado,,nasdaq_2026-06-25
2026-06-25,intraday,2026-06-25,2026-06-25,2026-06-25T20:01:43+00:00,True,KSS,Kohl's Corporation Common Stock,CS,,United States,Consumer Discretionary,Department/Specialty Retail Stores,Department/Specialty Retail Stores,,19.059999,19.62,18.67,19.09,18.91,17.530001,17.6,0.951878,7.872214,-0.397726,1,2,2,2,True,1.0265,1.440001,1.402825,False,19.030001,17.59,1.440001,19.040001,19.030001,25.229999,False,,5604391.0,5732600.0,0.95,0.659722,55.789474,0.977635,5604391.0,1.0,intraday_actual_full_session,0.977635,1.24875,intraday_same_time_78x5m,104628544.823792,5481809.1,96626105.09748,5.500263,5.687346,17.592102,16.5925,2164805866.0,2.2B,15.069319,43.641836,48.560311,-16.819172,125.383707,105,36,248,919,265,0.926966,0.975421,0.823697,0.325991,0.797079,False,True,False,False,1,501,False,,11.059636,69.37584,19.030001,20D,19.030001,-0.314297,25.219999,32.111049,25.219999,32.111049,True,False,False,1M,140,False,1,2.680265,3.463159,35.114463,True,11,10,0.95,0.490001,1.8,0.853822,44.210526,Chase Breakout,74.09695,0,1,19.620001,False,,19.630001,,,,,,,19.09,True,nao verificado,,nasdaq_2026-06-25
2026-06-25,intraday,2026-06-25,2026-06-25,2026-06-25T20:00:00+00:00,True,RGNX,REGENXBIO Inc. Common Stock,CS,,United States,Health Care,Biotechnology: Biological Products (No Diagnostic Substances),Biotech & health,Biotech & health,9.99,10.93,9.97,10.24,9.97,9.95,9.07,2.708122,0.20101,9.702317,3,4,3,3,False,0.6686,1.12,1.675142,False,10.98,9.86,1.12,10.99,10.98,16.200001,False,,1500980.0,2384300.0,0.96,0.857143,71.875,0.629526,1500980.0,1.0,intraday_actual_full_session,0.629526,0.558955,intraday_same_time_78x5m,16872370.799999,2902538.0,24847412.850679,7.982701,8.255441,8.616251,7.384,529383639.0,529.4M,29.620253,62.282092,22.488038,-27.427356,18.244804,20,12,483,1060,683,0.986657,0.992275,0.65596,0.222467,0.475788,True,True,False,False,1,501,False,,5.046236,67.412863,10.98,20D,10.98,7.226558,16.190001,58.105474,16.190001,58.105474,False,False,False,,105,False,1,3.785382,6.032952,44.197853,True,11,10,0.96,0.263,1.84,1.799398,28.125,Leader,69.607881,0,3,10.416,True,10:00,10.426,10:00,9.97,10.175,,,,10.42,False,nao verificado,,nasdaq_2026-06-25
2026-06-25,intraday,2026-06-25,2026-06-25,2026-06-25T20:00:01+00:00,True,MYGN,Myriad Genetics Inc. Common Stock,CS,,United States,Health Care,Biotechnology: In Vitro & In Vivo Diagnostic Substances,Biotech & health,Biotech & health,5.22,5.505,5.21,5.43,5.22,4.63,4.5,4.022993,12.742973,2.888891,2,3,2,1,True,0.311,0.62,1.993569,False,5.25,4.63,0.62,5.26,5.245,8.6,False,,2031607.0,1924900.0,0.295,0.475807,25.423729,1.055435,2031607.0,1.0,intraday_actual_full_session,1.055435,1.975642,intraday_same_time_78x5m,7969033.392526,1511900.7,7096675.670898,5.505129,5.531438,4.745147,4.5015,512853780.0,512.9M,23.972603,41.038961,14.315789,-21.075581,9.036145,36,41,592,979,739,0.975421,0.97191,0.578158,0.281938,0.432744,True,True,False,False,1,501,False,,-2.641633,65.669346,5.25,20D,5.25,-3.314917,8.59,58.195215,29.299999,439.594829,True,False,False,1M,248,False,1,3.712249,4.378123,26.136399,True,8,7,0.295,0.18,0.62,0.998766,74.576271,Chase Breakout,84.373983,0,1,5.485,True,10:50,5.495,10:50,5.22,5.305,,,,5.43,True,nao verificado,,nasdaq_2026-06-25
2026-06-25,intraday,2026-06-25,2026-06-25,2026-06-25T20:00:01+00:00,True,FWRD,Forward Air Corporation Common Stock,CS,,United States,Industrials,Integrated Freight & Logistics,Integrated Freight & Logistics,,13.51,14.525,13.5,14.29,13.39,13.08,13.71,6.721431,2.370034,-4.595187,1,2,0,0,True,0.817,0.5,0.611995,True,13.69,13.19,0.5,13.7,14.18,32.480001,False,,574487.0,629600.0,1.025,2.05,22.926829,0.912463,574487.0,1.0,intraday_actual_full_session,0.912463,0.595451,intraday_same_time_75x5m,17271947.667338,1705208.7,23015662.256168,6.645506,6.96541,13.249868,12.113,451921907.0,451.9M,5.383481,48.390447,-7.865893,-44.331905,-37.543706,413,26,993,1260,1101,0.710674,0.982444,0.291934,0.075624,0.154497,False,True,False,False,1,501,False,,-15.337139,62.126657,14.47,20D,14.47,1.259624,32.470001,127.221842,40.919998,186.354081,True,False,False,1M,248,False,8,1.48188,2.536778,44.117663,True,11,10,1.025,0.5,1.69,1.309348,77.073171,New Breakout,67.386558,7,0,14.16,True,10:05,14.17,10:05,13.5,13.9358,,,,14.34,False,nao verificado,,nasdaq_2026-06-25
